,totalTravelTimeInSec,totalPrice,totalNumberOfChanges,totalWalkingDistance,totalWaitingTime,odPair_id,sourceName,targetName
min,14400.0,26.0,0.0,0.0,0.0,15-29,Hamburg,Würzburg
mean,17718.04081632653,113.32226726782442,0.0,0.011102818468581868,0.0,15-29,Hamburg,Würzburg
max,21643.0,159.57299720126218,0.0,0.06044867832894571,0.0,15-29,Hamburg,Würzburg
min,4680.0,11.629014646056454,0.0,0.0,0.0,12-24,Essen,Osnabrück
mean,9685.054054054053,24.712065508000457,0.6756756756756757,0.1833702502272395,1037.454954954955,12-24,Essen,Osnabrück
max,52198.0,42.81239773985561,1.0,0.4150187195363437,43800.0,12-24,Essen,Osnabrück
min,3868.0,7.3119500589544675,0.0,0.0,0.0,9-1,Düsseldorf,Aachen
mean,15811.8776119403,17.721652003953814,1.0,0.33025193231014965,5391.441791044776,9-1,Düsseldorf,Aachen
max,48705.0,37.08297166297128,2.0,0.8387718873937778,43062.0,9-1,Düsseldorf,Aachen
min,11340.0,32.83201909265079,0.0,0.0,0.0,15-14,Hamburg,Hagen
mean,17652.80821917808,67.71174774858319,0.7808219178082192,0.16167054124330293,1635.6849315068494,15-14,Hamburg,Hagen
max,23398.0,106.86193422971978,1.0,0.5141188754744108,6589.0,15-14,Hamburg,Hagen
min,5880.0,25.50624265545597,0.0,0.0,0.0,27-20,Ulm,Mannheim
mean,32892.21428571428,36.16425362415719,2.0974025974025974,0.21948295533771986,8918.675324675325,27-20,Ulm,Mannheim
max,74387.0,64.9318842019031,3.0,0.4201941229765532,59265.0,27-20,Ulm,Mannheim
min,3720.0,16.678944777133992,0.0,0.0,0.0,10-11,Erfurt,Erlangen
mean,7114.333333333333,41.457722205795925,0.0,0.09475090620744522,0.0,10-11,Erfurt,Erlangen
max,11972.0,62.81452775728096,0.0,0.3790036248297808,0.0,10-11,Erfurt,Erlangen
min,11467.0,22.95836662545393,0.0,0.0,0.0,6-13,Darmstadt,Gelsenkirchen
mean,16064.394422310757,56.071440081769865,1.9322709163346614,0.11462311930222926,1692.4741035856573,6-13,Darmstadt,Gelsenkirchen
max,19764.0,107.5079677399226,4.0,0.3680081284515907,6720.0,6-13,Darmstadt,Gelsenkirchen
min,9540.0,28.07035521887077,0.0,0.0,0.0,9-29,Düsseldorf,Würzburg
mean,15650.305,66.29181142799554,0.22,0.14429763884330865,233.775,9-29,Düsseldorf,Würzburg
max,18951.0,99.5327177114372,1.0,0.4885209141670285,5820.0,9-29,Düsseldorf,Würzburg
min,2831.0,6.8896393806478615,0.0,0.0,0.0,14-13,Hagen,Gelsenkirchen
mean,21647.350943396228,12.652901120833654,1.4679245283018867,0.18238905501173372,7920.196226415094,14-13,Hagen,Gelsenkirchen
max,51907.0,36.93576473675907,2.0,0.35957023126412835,48349.0,14-13,Hagen,Gelsenkirchen
min,6055.0,27.586992433232087,0.0,0.0,0.0,1-13,Aachen,Gelsenkirchen
mean,17529.8672985782,37.91656944514238,1.7772511848341233,0.18826429296915925,4522.127962085308,1-13,Aachen,Gelsenkirchen
max,31387.0,163.73928917276518,3.0,0.4710507792003452,23489.0,1-13,Aachen,Gelsenkirchen
min,1620.0,2.6487740369387245,0.0,0.0,0.0,23-4,Oberhausen,Bochum
mean,2286.68,6.758817609873183,0.84,0.09925363198851786,48.4,23-4,Oberhausen,Bochum
max,3482.0,13.172300368536446,1.0,0.2544816117327661,300.0,23-4,Oberhausen,Bochum
min,9840.0,36.47419504790889,0.0,0.0,0.0,27-2,Ulm,Bamberg
mean,27842.426923076924,64.75969652997583,2.457692307692308,0.08760553700013697,4782.653846153846,27-2,Ulm,Bamberg
max,55990.0,190.20306624351898,3.0,0.28573048293081577,34965.0,27-2,Ulm,Bamberg
min,2164.0,5.683997895209899,0.0,0.0,0.0,7-8,Dortmund,Duisburg
mean,7418.769863013698,8.8893063579295,0.7726027397260274,0.27927372673445455,1768.0054794520547,7-8,Dortmund,Duisburg
max,23823.0,18.822370629112925,2.0,0.617015282746774,20875.0,7-8,Dortmund,Duisburg
min,1980.0,4.0,0.0,0.0,0.0,18-1,Köln,Aachen
mean,3029.4285714285716,14.136576231867686,0.0,0.15584291284233553,0.0,18-1,Köln,Aachen
max,3948.0,21.76040443618918,0.0,0.48484461773171095,0.0,18-1,Köln,Aachen
min,4214.0,5.0,0.0,0.0,0.0,17-6,Karlsruhe,Darmstadt
mean,4680.892561983471,18.826130117216813,0.2975206611570248,0.13180945130548988,38.18181818181818,17-6,Karlsruhe,Darmstadt
max,5124.0,33.34083260626893,1.0,0.4509314212884185,308.0,17-6,Karlsruhe,Darmstadt
min,7920.0,21.845342291262522,0.0,0.0,0.0,21-26,München,Stuttgart
mean,15421.581818181818,47.067211718555235,0.7136363636363636,0.08308466888302866,2443.0227272727275,21-26,München,Stuttgart
max,43533.0,66.5614015721913,2.0,0.6769861908987521,26427.0,21-26,München,Stuttgart
min,12000.0,29.320429513909374,0.0,0.0,0.0,29-14,Würzburg,Hagen
mean,21746.841683366732,66.51743924917474,2.2645290581162323,0.1238292931798938,2062.8456913827654,29-14,Würzburg,Hagen
max,28582.0,122.98716667075514,4.0,0.3026307650282498,16620.0,29-14,Würzburg,Hagen
min,13740.0,23.757344565125624,0.0,0.0,0.0,10-15,Erfurt,Hamburg
mean,21068.889221556885,97.62819104465144,0.6946107784431138,0.05147940670054506,1848.2964071856288,10-15,Erfurt,Hamburg
max,50484.0,200.45927453834747,1.0,0.5616358613306598,34235.0,10-15,Erfurt,Hamburg
min,13800.0,49.79701029782058,0.0,0.0,0.0,27-28,Ulm,Wuppertal
mean,18778.556792873052,120.06586692327909,1.530066815144766,0.007757626887184125,788.9532293986637,27-28,Ulm,Wuppertal
max,33900.0,147.97782039888764,2.0,0.12900646193872864,21360.0,27-28,Ulm,Wuppertal
min,3060.0,9.154454285132092,0.0,0.0,0.0,22-29,Nürnberg,Würzburg
mean,4299.582089552238,21.095277942853283,0.0,0.12487819524002254,0.0,22-29,Nürnberg,Würzburg
max,6324.0,33.8500668304129,0.0,0.4522615719503518,0.0,22-29,Nürnberg,Würzburg
min,3117.0,16.02423987919001,0.0,0.0,0.0,4-25,Bochum,Solingen
mean,10399.727272727272,18.81137635656649,1.3484848484848484,0.07387977240199196,2286.909090909091,4-25,Bochum,Solingen
max,27420.0,30.670709329111084,3.0,0.31688848018425153,22860.0,4-25,Bochum,Solingen
min,11160.0,21.74765066055529,0.0,0.0,0.0,29-12,Würzburg,Essen
mean,22705.64175257732,71.11761653863906,1.3170103092783505,0.07344393377091418,3400.561855670103,29-12,Würzburg,Essen
max,83810.0,112.08332449278947,2.0,0.2792548637200728,66537.0,29-12,Würzburg,Essen
min,9403.0,18.46812756481041,0.0,0.0,0.0,22-16,Nürnberg,Heidelberg
mean,12031.567010309278,41.47533201586037,0.4742268041237113,0.25618726509300604,633.4536082474227,22-16,Nürnberg,Heidelberg
max,16920.0,68.77477510297531,2.0,0.6120953528283399,6360.0,22-16,Nürnberg,Heidelberg
min,9040.0,19.25059342016765,0.0,0.0,0.0,16-27,Heidelberg,Ulm
mean,14293.192727272728,42.747841156454534,1.461818181818182,0.23489860929963507,2180.8945454545456,16-27,Heidelberg,Ulm
max,26687.0,61.35023771273699,2.0,0.6317246641289922,14131.0,16-27,Heidelberg,Ulm
min,1384.0,4.0,0.0,0.0,0.0,4-8,Bochum,Duisburg
mean,8669.587064676616,6.9124082187671405,0.6069651741293532,0.156599766955684,3427.3880597014927,4-8,Bochum,Duisburg
max,30243.0,11.009262773562453,2.0,0.36578423160953866,28135.0,4-8,Bochum,Duisburg
min,8820.0,17.0,0.0,0.0,0.0,17-25,Karlsruhe,Solingen
mean,14294.301369863013,66.16164875362634,0.5616438356164384,0.09280786141965848,931.8493150684932,17-25,Karlsruhe,Solingen
max,26579.0,99.91408909709492,1.0,0.4378233544060443,11265.0,17-25,Karlsruhe,Solingen
min,6992.0,10.0,0.0,0.0,0.0,7-1,Dortmund,Aachen
mean,9371.246376811594,30.25824245363665,0.7101449275362319,0.215637303800041,590.2898550724638,7-1,Dortmund,Aachen
max,13200.0,43.97822401116033,1.0,0.5790593389247191,7020.0,7-1,Dortmund,Aachen
min,3604.0,15.742616077182195,0.0,0.0,0.0,5-8,Bonn,Duisburg
mean,14721.344129554656,18.990091914585243,1.2753036437246963,0.18145416661862085,3346.9554655870447,5-8,Bonn,Duisburg
max,49804.0,27.46711330397298,2.0,0.36423891386674095,43483.0,5-8,Bonn,Duisburg
min,2580.0,7.458855949962151,0.0,0.0,0.0,18-23,Köln,Oberhausen
mean,7999.164179104478,14.133187367925002,1.0746268656716418,0.11507281193602008,1330.6716417910447,18-23,Köln,Oberhausen
max,15116.0,22.414308945504576,2.0,0.414242284369868,7919.0,18-23,Köln,Oberhausen
min,2168.0,10.776430488928762,0.0,0.0,0.0,12-28,Essen,Wuppertal
mean,7835.473282442748,43.47399920394037,1.0,0.07829023256130081,888.1679389312977,12-28,Essen,Wuppertal
max,31260.0,318.0076426704801,2.0,0.3053475133452129,8100.0,12-28,Essen,Wuppertal
min,5166.0,31.661462863758,0.0,0.0,0.0,1-28,Aachen,Wuppertal
mean,7768.645161290323,37.81041420175177,0.7419354838709677,0.0,1141.9354838709678,1-28,Aachen,Wuppertal
max,18180.0,130.33067760901383,1.0,0.0,6900.0,1-28,Aachen,Wuppertal
min,1080.0,3.0452255919879985,0.0,0.0,0.0,9-23,Düsseldorf,Oberhausen
mean,1731.6,7.23084897678393,0.0,0.08139720516132298,0.0,9-23,Düsseldorf,Oberhausen
max,3325.0,10.972765726528936,0.0,0.4522066953406832,0.0,9-23,Düsseldorf,Oberhausen
min,7440.0,23.134309618073612,0.0,0.0,0.0,19-22,Leipzig,Nürnberg
mean,11026.407407407407,69.1342960095513,0.0,0.08726219471075454,0.0,19-22,Leipzig,Nürnberg
max,16550.0,93.32177361690857,0.0,0.4874646739014561,0.0,19-22,Leipzig,Nürnberg
min,5400.0,12.345925374607491,0.0,0.0,0.0,29-6,Würzburg,Darmstadt
mean,8111.251851851852,30.14843769505797,0.8222222222222222,0.08660650690799972,603.9703703703703,29-6,Würzburg,Darmstadt
max,25860.0,43.241448507635106,1.0,0.3475138524474588,20640.0,29-6,Würzburg,Darmstadt
min,7427.0,15.0,0.0,0.0,0.0,18-16,Köln,Heidelberg
mean,9777.275,55.316788379725956,0.625,0.22150320162753231,351.275,18-16,Köln,Heidelberg
max,13440.0,75.30832468395263,2.0,0.6317246641289922,6720.0,18-16,Köln,Heidelberg
min,4582.0,26.0,0.0,0.0,0.0,1-25,Aachen,Solingen
mean,12454.707692307693,33.82480984272022,0.9076923076923077,0.05249812561410417,831.8076923076923,1-25,Aachen,Solingen
max,25314.0,126.6279010174958,2.0,0.25276875295679785,6900.0,1-25,Aachen,Solingen
min,8280.0,23.266206853064126,0.0,0.0,0.0,20-12,Mannheim,Essen
mean,19695.71337579618,58.243644767213354,1.7101910828025477,0.19695149007840865,3251.6496815286623,20-12,Mannheim,Essen
max,43252.0,97.82642730276643,3.0,0.4833543373736591,29107.0,20-12,Mannheim,Essen
min,1080.0,4.317606149412047,0.0,0.0,0.0,18-5,Köln,Bonn
mean,1232.0,5.773350601591979,0.0,0.0,0.0,18-5,Köln,Bonn
max,1826.0,9.085996024342641,0.0,0.0,0.0,18-5,Köln,Bonn
min,784.0,2.8619737158513328,0.0,0.0,0.0,12-8,Essen,Duisburg
mean,5395.0,4.580465829825116,0.46825396825396826,0.10068051508145245,2383.253968253968,12-8,Essen,Duisburg
max,29643.0,6.838457937974403,2.0,0.1731902720132223,28135.0,12-8,Essen,Duisburg
min,9120.0,14.436328256272475,0.0,0.0,0.0,17-5,Karlsruhe,Bonn
mean,13908.0,38.16882018829816,0.673469387755102,0.1275139588372018,653.7755102040817,17-5,Karlsruhe,Bonn
max,18811.0,82.94864982434272,1.0,0.5748079747694917,4299.0,17-5,Karlsruhe,Bonn
min,2100.0,4.509717578147376,0.0,0.0,0.0,6-20,Darmstadt,Mannheim
mean,2662.412213740458,9.573890242695674,0.0,0.2010222470481494,0.0,6-20,Darmstadt,Mannheim
max,3364.0,15.686393865237267,0.0,0.5064214300636065,0.0,6-20,Darmstadt,Mannheim
min,960.0,6.306706969312318,0.0,0.0,0.0,28-14,Wuppertal,Hagen
mean,1152.1818181818182,7.463529553718025,0.0,0.0,0.0,28-14,Wuppertal,Hagen
max,1927.0,9.515877698887554,0.0,0.0,0.0,28-14,Wuppertal,Hagen
min,15347.0,31.0,0.0,0.0,0.0,19-16,Leipzig,Heidelberg
mean,18239.085714285713,98.21843746779953,0.5142857142857142,0.2190671514577805,316.14285714285717,19-16,Leipzig,Heidelberg
max,20557.0,142.2130043839526,2.0,0.6317246641289922,5880.0,19-16,Leipzig,Heidelberg
min,10320.0,22.0023113256541,0.0,0.0,0.0,10-6,Erfurt,Darmstadt
mean,17111.413223140495,51.05410019951892,0.8677685950413223,0.16504405425852148,1554.702479338843,10-6,Erfurt,Darmstadt
max,45002.0,84.98395706355,1.0,0.42112348792884796,29400.0,10-6,Erfurt,Darmstadt
min,7440.0,15.56918446361245,0.0,0.0,0.0,22-27,Nürnberg,Ulm
mean,14204.397637795275,46.97302370567846,0.905511811023622,0.12226977896366834,1823.7992125984251,22-27,Nürnberg,Ulm
max,26972.0,93.19662110688644,1.0,0.4202946874769287,12031.0,22-27,Nürnberg,Ulm
min,2220.0,15.428262741356592,0.0,0.0,0.0,20-26,Mannheim,Stuttgart
mean,6274.672131147541,23.894366286545523,0.4918032786885246,0.13433210052185182,837.0491803278688,20-26,Mannheim,Stuttgart
max,37205.0,39.481280243726175,2.0,0.7449325574393607,30010.0,20-26,Mannheim,Stuttgart
min,8760.0,16.656336186748714,0.0,0.0,0.0,14-20,Hagen,Mannheim
mean,14771.305841924399,58.212086068762005,0.8350515463917526,0.1271497326055031,881.6529209621993,14-20,Hagen,Mannheim
max,33549.0,94.81854019363129,1.0,0.6704294124289288,18067.0,14-20,Hagen,Mannheim
min,7740.0,22.963043156061033,0.0,0.0,0.0,28-20,Wuppertal,Mannheim
mean,15311.61095890411,57.39071640665193,1.1534246575342466,0.1451404121181591,1313.5424657534247,28-20,Wuppertal,Mannheim
max,44087.0,86.40959756788155,2.0,0.6704294124289288,27645.0,28-20,Wuppertal,Mannheim
min,8098.0,25.5575616736475,0.0,0.0,0.0,27-29,Ulm,Würzburg
mean,10520.967032967033,57.56227959064535,0.8681318681318682,0.08437848737795473,314.34065934065933,27-29,Ulm,Würzburg
max,12720.0,109.36975021817715,2.0,0.2843867537553289,1200.0,27-29,Ulm,Würzburg
min,3480.0,5.855116037603906,0.0,0.0,0.0,18-13,Köln,Gelsenkirchen
mean,10712.23076923077,13.38931748106911,0.7538461538461538,0.1600373411934178,2442.3230769230768,18-13,Köln,Gelsenkirchen
max,24157.0,24.818383525627013,1.0,0.4710507792003452,18419.0,18-13,Köln,Gelsenkirchen
min,11687.0,36.73187639562817,0.0,0.0,0.0,1-16,Aachen,Heidelberg
mean,19208.261904761905,68.94768472076093,1.9047619047619047,0.2824030262818606,3021.1632653061224,1-16,Aachen,Heidelberg
max,26495.0,97.06353029722365,3.0,0.6317246641289922,13484.0,1-16,Aachen,Heidelberg
min,16740.0,24.6839978952099,0.0,0.0,0.0,19-4,Leipzig,Bochum
mean,22228.525316455696,86.65223073434879,0.7626582278481012,0.07599956433397645,1139.5537974683543,19-4,Leipzig,Bochum
max,55008.0,203.02460105138059,1.0,0.3259989325102157,35606.0,19-4,Leipzig,Bochum
min,12360.0,19.0,0.0,0.0,0.0,17-10,Karlsruhe,Erfurt
mean,14745.61403508772,89.03400780737512,0.6491228070175439,0.03999714350974031,51.578947368421055,17-10,Karlsruhe,Erfurt
max,16982.0,116.7600241157119,1.0,0.2533152422283553,540.0,17-10,Karlsruhe,Erfurt
min,840.0,1.765595616233249,0.0,0.0,0.0,22-11,Nürnberg,Erlangen
mean,1624.8823529411766,3.5362288053278577,0.0,0.19431056550018572,0.0,22-11,Nürnberg,Erlangen
max,2419.0,6.561108599999999,0.0,0.444672255663887,0.0,22-11,Nürnberg,Erlangen
min,6960.0,18.311950058954466,0.0,0.0,0.0,9-20,Düsseldorf,Mannheim
mean,14816.963671128107,48.84275000301339,0.6845124282982792,0.09223408768506548,1710.51051625239,9-20,Düsseldorf,Mannheim
max,32511.0,84.344367849882,1.0,0.6474284917831762,18180.0,9-20,Düsseldorf,Mannheim
min,12707.0,21.71159961131134,0.0,0.0,0.0,21-16,München,Heidelberg
mean,19800.071428571428,75.19387948562539,1.3639455782312926,0.293494353851296,923.4421768707483,21-16,München,Heidelberg
max,49323.0,208.76042575418225,2.0,0.6483546950450165,12000.0,21-16,München,Heidelberg
min,3178.0,10.525594703368958,0.0,0.0,0.0,9-14,Düsseldorf,Hagen
mean,7259.720779220779,16.4063902332427,0.8441558441558441,0.20470328532837395,973.0324675324675,9-14,Düsseldorf,Hagen
max,10139.0,26.608095463257065,1.0,0.5146135637921686,5760.0,9-14,Düsseldorf,Hagen
min,6000.0,19.0,0.0,0.0,0.0,18-6,Köln,Darmstadt
mean,10865.877323420074,48.23948487225384,1.308550185873606,0.006162988808210674,931.6059479553903,18-6,Köln,Darmstadt
max,43634.0,61.071315682235905,2.0,0.08431352585153229,28994.0,18-6,Köln,Darmstadt
min,17760.0,42.134309618073615,0.0,0.0,0.0,22-15,Nürnberg,Hamburg
mean,28236.284671532845,113.3351702955911,0.7372262773722628,0.1713954727268161,799.1508515815085,22-15,Nürnberg,Hamburg
max,41033.0,190.72924685397305,1.0,0.5639551564378013,5828.0,22-15,Nürnberg,Hamburg
min,13680.0,36.14575314245093,0.0,0.0,0.0,10-18,Erfurt,Köln
mean,20060.501199040766,103.98401840741747,0.9424460431654677,0.04454334404912755,1224.10551558753,10-18,Erfurt,Köln
max,38100.0,362.7404065594127,1.0,0.25214975813771784,16380.0,10-18,Erfurt,Köln
min,5072.0,30.998083248692307,0.0,0.0,0.0,1-8,Aachen,Duisburg
mean,17989.436893203885,45.60963058126513,1.5097087378640777,0.17504135798512294,4934.97572815534,1-8,Aachen,Duisburg
max,41644.0,149.59045071862724,2.0,0.36423891386674095,34363.0,1-8,Aachen,Duisburg
min,4260.0,18.444540393367237,0.0,0.0,0.0,10-22,Erfurt,Nürnberg
mean,9411.857142857143,42.467209593472916,0.0,0.1690300309602025,0.0,10-22,Erfurt,Nürnberg
max,14177.0,68.72357885728093,0.0,0.5258712074317409,0.0,10-22,Erfurt,Nürnberg
min,5368.0,10.263481066364463,0.0,0.0,0.0,12-1,Essen,Aachen
mean,13152.68,22.439463682654996,1.4685714285714286,0.2691185231918714,2526.945714285714,12-1,Essen,Aachen
max,23534.0,40.33723798641536,2.0,0.6295058369468222,15522.0,12-1,Essen,Aachen
min,3180.0,10.47640922411807,0.0,0.0,0.0,5-1,Bonn,Aachen
mean,10681.137254901962,19.20925729709338,0.8431372549019608,0.19013514420851385,2545.450980392157,5-1,Bonn,Aachen
max,26086.0,28.208285619746256,1.0,0.48484461773171095,20998.0,5-1,Bonn,Aachen
min,7440.0,28.635215686410803,0.0,0.0,0.0,17-18,Karlsruhe,Köln
mean,12531.181818181818,68.58638428473174,0.6262626262626263,0.07869343945433642,389.3905723905724,17-18,Karlsruhe,Köln
max,33007.0,91.61167592827923,1.0,0.5153095727770833,15657.0,17-18,Karlsruhe,Köln
min,4500.0,31.255554777817434,0.0,0.0,0.0,21-27,München,Ulm
mean,6373.941176470588,33.96335892964884,0.375,0.0,702.7941176470588,21-27,München,Ulm
max,15300.0,42.09032166278133,1.0,0.0,11160.0,21-27,München,Ulm
min,3000.0,9.154454285132092,0.0,0.0,0.0,29-22,Würzburg,Nürnberg
mean,4359.148936170212,20.436239317154456,0.0,0.13471621292138142,0.0,29-22,Würzburg,Nürnberg
max,6024.0,33.071843445455734,0.0,0.4522615719503518,0.0,29-22,Würzburg,Nürnberg
min,7498.0,17.16605376489609,0.0,0.0,0.0,5-6,Bonn,Darmstadt
mean,16287.234972677596,39.44674028183996,1.530054644808743,0.08557018977944862,2770.3852459016393,5-6,Bonn,Darmstadt
max,64277.0,117.78476965472464,3.0,0.5064214300636065,45474.0,5-6,Bonn,Darmstadt
min,8160.0,24.17821354376748,0.0,0.0,0.0,6-27,Darmstadt,Ulm
mean,17466.035264483628,38.65343869704935,1.2594458438287153,0.08970616329760814,3798.4785894206548,6-27,Darmstadt,Ulm
max,34800.0,78.14356730626895,2.0,0.3155469679740357,27120.0,6-27,Darmstadt,Ulm
min,1144.0,2.48935092828175,0.0,0.0,0.0,13-8,Gelsenkirchen,Duisburg
mean,1478.9754098360656,5.724835214120142,0.07377049180327869,0.08993449412933703,100.61475409836065,13-8,Gelsenkirchen,Duisburg
max,3543.0,9.95918096220325,1.0,0.1731902720132223,2455.0,13-8,Gelsenkirchen,Duisburg
min,2047.0,11.128200018308236,0.0,0.0,0.0,4-28,Bochum,Wuppertal
mean,4373.185185185185,14.633037331680372,0.7037037037037037,0.058683051885972524,490.7654320987654,4-28,Bochum,Wuppertal
max,12240.0,34.98033954471592,1.0,0.31688848018425153,7080.0,4-28,Bochum,Wuppertal
min,7680.0,19.126216358880807,0.0,0.0,0.0,9-6,Düsseldorf,Darmstadt
mean,14733.958389261745,47.071404612298196,1.5543624161073826,0.17310431502132437,1540.1812080536913,9-6,Düsseldorf,Darmstadt
max,26311.0,72.24553458840946,2.0,0.9648487205271404,9117.0,9-6,Düsseldorf,Darmstadt
min,4740.0,16.765595616233252,0.0,0.0,0.0,22-10,Nürnberg,Erfurt
mean,9978.006451612904,42.74755633161121,0.7387096774193549,0.1635636045562852,1007.2129032258065,22-10,Nürnberg,Erfurt
max,25787.0,68.30115731571179,1.0,0.4949024931116146,14632.0,22-10,Nürnberg,Erfurt
min,2160.0,4.0,0.0,0.0,0.0,16-6,Heidelberg,Darmstadt
mean,2713.450980392157,8.995498479154472,0.0,0.05221516780375135,0.0,16-6,Heidelberg,Darmstadt
max,3364.0,17.826120190221644,0.0,0.507347633325447,0.0,16-6,Heidelberg,Darmstadt
min,10860.0,20.018425710820026,0.0,0.0,0.0,14-17,Hagen,Karlsruhe
mean,15208.86511627907,88.13325849386227,0.7209302325581395,0.07990080163136266,774.9069767441861,14-17,Hagen,Karlsruhe
max,21509.0,113.26006717820204,1.0,0.6149394036537408,4567.0,14-17,Hagen,Karlsruhe
min,480.0,0.8551160376039061,0.0,0.0,0.0,12-13,Essen,Gelsenkirchen
mean,839.4444444444445,2.0753620107440116,0.0,0.07493728493105119,0.0,12-13,Essen,Gelsenkirchen
max,1415.0,3.825187115668229,0.0,0.29974913972420464,0.0,12-13,Essen,Gelsenkirchen
min,2476.0,14.301295553029355,0.0,0.0,0.0,28-8,Wuppertal,Duisburg
mean,9052.205263157895,19.961140145480574,1.431578947368421,0.24151915384262454,1696.1368421052632,28-8,Wuppertal,Duisburg
max,22771.0,29.048459451760554,2.0,0.617015282746774,14949.0,28-8,Wuppertal,Duisburg
min,2816.0,15.037721220390141,0.0,0.0,0.0,23-28,Oberhausen,Wuppertal
mean,6719.781818181818,19.396791933008046,1.0909090909090908,0.13102627360057842,756.6272727272727,23-28,Oberhausen,Wuppertal
max,9960.0,28.801281975973613,3.0,0.5146135637921686,2689.0,23-28,Oberhausen,Wuppertal
min,1897.0,2.490261036159712,0.0,0.0,0.0,7-13,Dortmund,Gelsenkirchen
mean,4856.748201438849,7.9950226440959025,0.5683453237410072,0.14122441213122977,1364.8992805755395,7-13,Dortmund,Gelsenkirchen
max,14940.0,12.93581417952467,1.0,0.35957023126412835,13140.0,7-13,Dortmund,Gelsenkirchen
min,1560.0,9.929586468129813,0.0,0.0,0.0,18-28,Köln,Wuppertal
mean,1865.2363636363636,11.592723956816723,0.0,0.0,0.0,18-28,Köln,Wuppertal
max,3038.0,17.127642698887545,0.0,0.0,0.0,18-28,Köln,Wuppertal
min,3867.0,24.465489954180303,0.0,0.0,0.0,1-9,Aachen,Düsseldorf
mean,10109.41958041958,41.08464057044135,1.083916083916084,0.13740116491403795,1632.2937062937062,1-9,Aachen,Düsseldorf
max,33599.0,141.64579664117002,2.0,0.6260941117283854,24389.0,1-9,Aachen,Düsseldorf
min,10301.0,13.0,0.0,0.0,0.0,22-17,Nürnberg,Karlsruhe
mean,12180.559322033898,56.12385632913357,0.3050847457627119,0.10822295358539911,214.97175141242937,22-17,Nürnberg,Karlsruhe
max,16080.0,106.84230034729134,1.0,0.4464297104348651,4440.0,22-17,Nürnberg,Karlsruhe
min,9600.0,23.19732134830111,0.0,0.0,0.0,13-20,Gelsenkirchen,Mannheim
mean,17899.924623115578,64.0509459030913,1.5041876046901173,0.01344856167722462,1854.539363484087,13-20,Gelsenkirchen,Mannheim
max,41880.0,235.0537119105431,2.0,0.09555203814495188,20635.0,13-20,Gelsenkirchen,Mannheim
min,4187.0,8.423590186297886,0.0,0.0,0.0,29-2,Würzburg,Bamberg
mean,4804.25,19.55879944789681,0.125,0.1359081951798991,0.0,29-2,Würzburg,Bamberg
max,5642.0,44.493669721334975,1.0,0.3374272432052667,0.0,29-2,Würzburg,Bamberg
min,5820.0,19.66849596562011,0.0,0.0,0.0,20-27,Mannheim,Ulm
mean,14047.073170731708,36.60993884287952,0.8048780487804879,0.09656868265849325,2199.6341463414633,20-27,Mannheim,Ulm
max,30287.0,65.03823932189576,2.0,0.4399239987775809,16831.0,20-27,Mannheim,Ulm
min,840.0,6.306706969312318,0.0,0.0,0.0,14-28,Hagen,Wuppertal
mean,1033.7837837837837,6.818873411946134,0.0,0.0,0.0,14-28,Hagen,Wuppertal
max,1905.0,9.465066698887552,0.0,0.0,0.0,14-28,Hagen,Wuppertal
min,13500.0,34.13174263000947,0.0,0.0,0.0,20-24,Mannheim,Osnabrück
mean,23043.522911051212,77.82793850460705,0.7412398921832885,0.2581740648309071,1368.121293800539,20-24,Mannheim,Osnabrück
max,37637.0,209.5335221903169,1.0,0.6076547390672751,10200.0,20-24,Mannheim,Osnabrück
min,5547.0,29.19073234559033,0.0,0.0,0.0,1-23,Aachen,Oberhausen
mean,16902.336996336995,37.57427927318645,2.021978021978022,0.17899814185734708,3670.065934065934,1-23,Aachen,Oberhausen
max,22346.0,152.0572291904006,3.0,0.414242284369868,12989.0,1-23,Aachen,Oberhausen
min,9408.0,10.656336186748717,0.0,0.0,0.0,16-5,Heidelberg,Bonn
mean,12664.378378378378,36.58207524640206,0.7837837837837838,0.2243784322687195,974.277027027027,16-5,Heidelberg,Bonn
max,21480.0,79.14409127986923,2.0,0.6317246641289922,10680.0,16-5,Heidelberg,Bonn
min,1380.0,5.436328256272472,0.0,0.0,0.0,17-20,Karlsruhe,Mannheim
mean,2324.8076923076924,12.007438483852772,0.0,0.15489073710168252,0.0,17-20,Karlsruhe,Mannheim
max,3714.0,20.77757460190308,0.0,0.5753084520919638,0.0,17-20,Karlsruhe,Mannheim
min,12060.0,21.018425710820026,0.0,0.0,0.0,7-17,Dortmund,Karlsruhe
mean,18154.241975308643,74.17046287343143,0.7703703703703704,0.22706223750006743,499.23703703703706,7-17,Dortmund,Karlsruhe
max,26939.0,119.12590497085293,1.0,0.8257195782603788,8645.0,7-17,Dortmund,Karlsruhe
min,12600.0,43.01139097754506,0.0,0.0,0.0,10-27,Erfurt,Ulm
mean,22811.063829787236,102.81063166731698,0.7446808510638298,0.03193242123242936,3004.255319148936,10-27,Erfurt,Ulm
max,42643.0,149.5402839211029,1.0,0.16675819976935327,21584.0,10-27,Erfurt,Ulm
min,540.0,2.012066592722769,0.0,0.0,0.0,23-13,Oberhausen,Gelsenkirchen
mean,1323.4444444444443,3.9449907097910275,0.3333333333333333,0.07429084070316076,41.666666666666664,23-13,Oberhausen,Gelsenkirchen
max,2613.0,6.917553071131616,1.0,0.2971633628126429,300.0,23-13,Oberhausen,Gelsenkirchen
min,6960.0,34.67954976614127,0.0,0.0,0.0,29-21,Würzburg,München
mean,14885.906614785992,58.06621869796267,0.9202334630350194,0.06520544178775102,891.011673151751,29-21,Würzburg,München
max,34072.0,83.46943480823707,3.0,0.5718596206653955,8342.0,29-21,Würzburg,München
min,9658.0,19.0,0.0,0.0,0.0,15-9,Hamburg,Düsseldorf
mean,14171.029535864978,54.71890328014977,0.6329113924050633,0.10527772335045812,349.51476793248946,15-9,Hamburg,Düsseldorf
max,18023.0,119.5318989477108,2.0,0.3750381017540258,3630.0,15-9,Hamburg,Düsseldorf
min,10020.0,25.12621635888081,0.0,0.0,0.0,15-7,Hamburg,Dortmund
mean,22824.20731707317,51.97118965263967,0.8292682926829268,0.21644334284647215,2606.798780487805,15-7,Hamburg,Dortmund
max,50155.0,103.06261110469102,1.0,0.8409668302376924,27051.0,15-7,Hamburg,Dortmund
min,9720.0,20.12446375155913,0.0,0.0,0.0,20-22,Mannheim,Nürnberg
mean,11875.108108108108,63.89925983583575,0.6486486486486487,0.11012056748945943,464.86486486486484,20-22,Mannheim,Nürnberg
max,18060.0,88.40077336272059,1.0,0.6111691495664995,6420.0,20-22,Mannheim,Nürnberg
min,10560.0,17.84534229126252,0.0,0.0,0.0,20-21,Mannheim,München
mean,13630.855633802817,73.83603481296612,0.5352112676056338,0.019770886497036812,677.4823943661971,20-21,Mannheim,München
max,19912.0,102.66517808467728,1.0,0.20796043574660955,4943.0,20-21,Mannheim,München
min,5160.0,15.0,0.0,0.0,0.0,18-20,Köln,Mannheim
mean,8939.076923076924,48.843825325357095,0.34065934065934067,0.014175302362163187,81.42857142857143,18-20,Köln,Mannheim
max,12668.0,73.15103651406528,1.0,0.09555203814495188,2160.0,18-20,Köln,Mannheim
min,4320.0,10.435079139529837,0.0,0.0,0.0,3-19,Berlin,Leipzig
mean,9630.564102564103,27.754906269692682,0.7948717948717948,0.1848247498590136,1058.9871794871794,3-19,Berlin,Leipzig
max,41022.0,55.92917109634928,1.0,0.38351567341117226,33127.0,3-19,Berlin,Leipzig
min,2186.0,6.0833762396980475,0.0,0.0,0.0,4-14,Bochum,Hagen
mean,2953.246753246753,8.633457649307292,0.8441558441558441,0.08025097874795988,279.0194805194805,4-14,Bochum,Hagen
max,6300.0,11.637579519420662,1.0,0.31688848018425153,4500.0,4-14,Bochum,Hagen
min,5820.0,12.183632843819055,0.0,0.0,0.0,6-29,Darmstadt,Würzburg
mean,11339.176991150442,26.712041439074227,0.8938053097345132,0.10651974016174169,1910.1504424778761,6-29,Darmstadt,Würzburg
max,30249.0,41.96183063668185,1.0,0.3475138524474588,22500.0,6-29,Darmstadt,Würzburg
min,9842.0,24.95849055809289,0.0,0.0,0.0,15-8,Hamburg,Duisburg
mean,24751.65268065268,44.290794754879485,1.0885780885780887,0.23609132462296747,4528.347319347319,15-8,Hamburg,Duisburg
max,49788.0,112.37507948386164,2.0,0.5482283737672481,31905.0,15-8,Hamburg,Duisburg
min,10906.0,22.98563364091044,0.0,0.0,0.0,6-23,Darmstadt,Oberhausen
mean,15974.18918918919,41.73090412555038,0.6756756756756757,0.1513944163562173,1186.4864864864865,6-23,Darmstadt,Oberhausen
max,19423.0,82.63785470799682,1.0,0.3111996336211135,4500.0,6-23,Darmstadt,Oberhausen
min,5220.0,21.398359518938427,0.0,0.0,0.0,19-2,Leipzig,Bamberg
mean,17667.063291139242,45.31045503152356,0.5949367088607594,0.16508939342370868,1705.0632911392406,19-2,Leipzig,Bamberg
max,29068.0,75.53854685874309,1.0,0.372630345156371,16200.0,19-2,Leipzig,Bamberg
min,2531.0,4.331635906589672,0.0,0.0,0.0,7-23,Dortmund,Oberhausen
mean,3193.95,10.30282795363682,0.25,0.10218208604635728,41.25,7-23,Dortmund,Oberhausen
max,3817.0,16.00650652047574,1.0,0.30276173643365123,900.0,7-23,Dortmund,Oberhausen
min,5700.0,12.47640922411807,0.0,0.0,0.0,7-5,Dortmund,Bonn
mean,7368.743119266055,24.878058682524248,0.44036697247706424,0.02199736832495827,519.7706422018349,7-5,Dortmund,Bonn
max,12817.0,36.54144629931381,1.0,0.17760838129040374,6750.0,7-5,Dortmund,Bonn
min,6398.0,14.39937834448815,0.0,0.0,0.0,14-1,Hagen,Aachen
mean,15555.403921568628,27.721986647549556,1.384313725490196,0.26416337931732925,3429.494117647059,14-1,Hagen,Aachen
max,32326.0,59.938888451529074,2.0,0.5790593389247191,22310.0,14-1,Hagen,Aachen
min,15120.0,19.0,0.0,0.0,0.0,22-5,Nürnberg,Bonn
mean,15769.658536585366,82.06739095711389,0.6341463414634146,0.046742216777224316,365.8536585365854,22-5,Nürnberg,Bonn
max,16953.0,125.04059258091726,2.0,0.21293676531846625,2700.0,22-5,Nürnberg,Bonn
min,12960.0,30.146259795863408,0.0,0.0,0.0,22-9,Nürnberg,Düsseldorf
mean,26154.056653491436,76.84365355969759,1.3544137022397893,0.20021826613655747,2970.478260869565,22-9,Nürnberg,Düsseldorf
max,60572.0,133.52473281799104,2.0,0.6277991804825238,42067.0,22-9,Nürnberg,Düsseldorf
min,1885.0,9.757367379911893,0.0,0.0,0.0,9-28,Düsseldorf,Wuppertal
mean,6211.868217054263,14.4281834656371,0.813953488372093,0.09517180322928656,1268.8372093023256,9-28,Düsseldorf,Wuppertal
max,15179.0,18.31025064775997,1.0,0.3540777311885008,11565.0,9-28,Düsseldorf,Wuppertal
min,6060.0,13.207031089144008,0.0,0.0,0.0,21-2,München,Bamberg
mean,14466.0,45.560513186522066,0.7377049180327869,0.2797636846463808,2044.672131147541,21-2,München,Bamberg
max,27818.0,68.77422696278136,1.0,0.7799394809862723,13758.0,21-2,München,Bamberg
min,9303.0,11.0,0.0,0.0,0.0,5-16,Bonn,Heidelberg
mean,10454.607476635514,43.86224245490276,0.6822429906542056,0.1625371573905524,479.9065420560748,5-16,Bonn,Heidelberg
max,14280.0,81.30289435457523,2.0,0.6317246641289922,4200.0,5-16,Bonn,Heidelberg
min,4200.0,9.917248425935707,0.0,0.0,0.0,6-17,Darmstadt,Karlsruhe
mean,4623.445544554455,21.111151211970117,0.0,0.12054602351274547,0.0,6-17,Darmstadt,Karlsruhe
max,5124.0,33.226982306268944,0.0,0.4509314212884185,0.0,6-17,Darmstadt,Karlsruhe
min,4367.0,13.771926554607875,0.0,0.0,0.0,26-16,Stuttgart,Heidelberg
mean,7353.130630630631,28.535042120303874,0.8918918918918919,0.27525014990018076,738.6981981981982,26-16,Stuttgart,Heidelberg
max,33467.0,142.19902418199098,1.0,0.6483546950450165,8877.0,26-16,Stuttgart,Heidelberg
min,8280.0,28.12644753446005,0.0,0.0,0.0,27-6,Ulm,Darmstadt
mean,20780.535714285714,38.853628239607254,1.3571428571428572,0.10316924510621163,4255.6547619047615,27-6,Ulm,Darmstadt
max,49997.0,77.495142206269,2.0,0.29581709217300795,33465.0,27-6,Ulm,Darmstadt
min,9000.0,24.018425710820022,0.0,0.0,0.0,17-9,Karlsruhe,Düsseldorf
mean,14204.853488372093,69.78007738951712,0.7069767441860465,0.14397126221543738,761.1093023255814,17-9,Karlsruhe,Düsseldorf
max,25759.0,102.78589483445278,1.0,0.5919384830079881,10674.0,17-9,Karlsruhe,Düsseldorf
min,2160.0,6.0,0.0,0.0,0.0,17-26,Karlsruhe,Stuttgart
mean,3027.714285714286,14.465076447088466,0.0,0.09278057517759879,0.0,17-26,Karlsruhe,Stuttgart
max,4511.0,23.99411262183037,0.0,0.4329760174954607,0.0,17-26,Karlsruhe,Stuttgart
min,7684.0,19.0,0.0,0.0,0.0,20-8,Mannheim,Duisburg
mean,15269.468354430379,60.182843127238705,1.2215189873417722,0.1877372692730035,1717.5379746835442,20-8,Mannheim,Duisburg
max,31983.0,94.71040258359122,2.0,0.590618124097156,23515.0,20-8,Mannheim,Duisburg
min,2100.0,4.44335448922986,0.0,0.0,0.0,9-4,Düsseldorf,Bochum
mean,3103.73417721519,12.086396386957484,0.0,0.10920466611631313,0.0,9-4,Düsseldorf,Bochum
max,5435.0,18.650175974220293,0.0,0.4663334390912834,0.0,9-4,Düsseldorf,Bochum
min,2160.0,5.0,0.0,0.0,0.0,26-17,Stuttgart,Karlsruhe
mean,3108.5555555555557,14.202919022810748,0.0,0.0815479733693925,0.0,26-17,Stuttgart,Karlsruhe
max,4434.0,23.868355432240854,0.0,0.32619189347757005,0.0,26-17,Stuttgart,Karlsruhe
min,11640.0,25.0,0.0,0.0,0.0,21-19,München,Leipzig
mean,14032.8125,107.8808562511498,0.28125,0.062008493278254105,28.125,21-19,München,Leipzig
max,17180.0,144.10426328390454,1.0,0.2939661903561677,240.0,21-19,München,Leipzig
min,3780.0,8.0,0.0,0.0,0.0,21-22,München,Nürnberg
mean,6624.588235294118,39.34939377185625,0.0,0.05465173542346469,0.0,21-22,München,Nürnberg
max,9222.0,50.75167876003714,0.0,0.3096931673996335,0.0,21-22,München,Nürnberg
min,9180.0,26.15445428513209,0.0,0.0,0.0,18-29,Köln,Würzburg
mean,22723.08117443869,59.04950587310694,0.8341968911917098,0.1375074180629,2965.972366148532,18-29,Köln,Würzburg
max,54803.0,89.23554903041305,1.0,0.5876765714449558,30981.0,18-29,Köln,Würzburg
min,11700.0,41.294523491553456,0.0,0.0,0.0,19-21,Leipzig,München
mean,23661.39375,105.99056134888454,0.85,0.07587472129177389,1942.153125,19-21,Leipzig,München
max,48821.0,144.10426328390454,1.0,0.3899083592920701,18841.0,19-21,Leipzig,München
min,10800.0,14.0,0.0,0.0,0.0,17-21,Karlsruhe,München
mean,11302.782608695652,60.90369368827795,0.42028985507246375,0.025439493131163705,64.92753623188406,17-21,Karlsruhe,München
max,12140.0,84.64587066278149,1.0,0.19503611400558848,540.0,17-21,Karlsruhe,München
min,6332.0,34.305940091587146,0.0,0.0,0.0,1-14,Aachen,Hagen
mean,15454.472727272727,41.455279871747955,1.606060606060606,0.11844009251924542,3399.6,1-14,Aachen,Hagen
max,37020.0,136.63738457832616,3.0,0.4766491528213535,26778.0,1-14,Aachen,Hagen
min,5280.0,23.19888743013833,0.0,0.0,0.0,20-18,Mannheim,Köln
mean,8713.653333333334,61.23907182788255,0.3466666666666667,0.0684959497862726,103.8,20-18,Mannheim,Köln
max,15287.0,74.44368122189573,1.0,0.5707995815522714,1557.0,20-18,Mannheim,Köln
min,2820.0,7.5740636959589605,0.0,0.0,0.0,12-14,Essen,Hagen
mean,5502.60593220339,25.57964055854383,0.9576271186440678,0.09085736384339457,525.8516949152543,12-14,Essen,Hagen
max,32340.0,326.41658529622987,2.0,0.3053475133452129,8100.0,12-14,Essen,Hagen
min,1800.0,3.806647045013903,0.0,0.0,0.0,9-13,Düsseldorf,Gelsenkirchen
mean,2731.777777777778,9.590922671125211,0.0,0.1272537975427901,0.0,9-13,Düsseldorf,Gelsenkirchen
max,4266.0,13.30432730665138,0.0,0.5090151901711604,0.0,9-13,Düsseldorf,Gelsenkirchen
min,1620.0,10.009483560830347,0.0,0.0,0.0,14-25,Hagen,Solingen
mean,1853.7209302325582,11.08224414490697,0.0,0.0,0.0,14-25,Hagen,Solingen
max,2975.0,14.36110655976934,0.0,0.0,0.0,14-25,Hagen,Solingen
min,7150.0,29.906561747098994,0.0,0.0,0.0,1-7,Aachen,Dortmund
mean,15911.660455486543,42.4882848650841,1.8095238095238095,0.21347378506457945,3317.445134575569,1-7,Aachen,Dortmund
max,38891.0,170.2874150357041,3.0,0.4766491528213535,26877.0,1-7,Aachen,Dortmund
min,9420.0,25.70797042001936,0.0,0.0,0.0,29-18,Würzburg,Köln
mean,11872.624505928854,73.26429618171821,0.5731225296442688,0.015164281325943538,241.4822134387352,29-18,Würzburg,Köln
max,17977.0,90.69781264545557,1.0,0.142094932424582,6480.0,29-18,Würzburg,Köln
min,3420.0,26.04948254504023,0.0,0.0,0.0,1-5,Aachen,Bonn
mean,5691.044776119403,27.298766875672655,0.8208955223880597,0.0,911.1940298507462,1-5,Aachen,Bonn
max,10620.0,28.208285619746256,1.0,0.0,7380.0,1-5,Aachen,Bonn
min,960.0,6.226809876611777,0.0,0.0,0.0,18-25,Köln,Solingen
mean,1135.8367346938776,7.205438966517752,0.0,0.0,0.0,18-25,Köln,Solingen
max,2006.0,10.067740859769346,0.0,0.0,0.0,18-25,Köln,Solingen
min,7180.0,13.19511973485914,0.0,0.0,0.0,29-16,Würzburg,Heidelberg
mean,11640.063157894738,27.482957913084878,1.0789473684210527,0.2912174529526828,851.7105263157895,29-16,Würzburg,Heidelberg
max,18039.0,58.90085989675846,2.0,0.6317246641289922,6360.0,29-16,Würzburg,Heidelberg
min,12780.0,21.76559561623325,0.0,0.0,0.0,22-18,Nürnberg,Köln
mean,17819.59756097561,83.17616504036535,0.6036585365853658,0.08968939304071204,815.0579268292682,22-18,Nürnberg,Köln
max,43218.0,123.09022139999992,1.0,0.6213537692339781,25973.0,22-18,Nürnberg,Köln
min,9720.0,24.95638768956548,0.0,0.0,0.0,20-7,Mannheim,Dortmund
mean,14538.992700729927,67.81333811091002,0.5912408759124088,0.1450482607293935,595.1435523114355,20-7,Mannheim,Dortmund
max,26758.0,108.59381979966473,1.0,0.4979835328761443,12600.0,20-7,Mannheim,Dortmund
min,6420.0,24.839794991849185,0.0,0.0,0.0,19-11,Leipzig,Erlangen
mean,19322.910602910604,62.52817956056051,1.2203742203742203,0.16562352205232173,2872.1101871101873,19-11,Leipzig,Erlangen
max,39845.0,87.33256686049364,2.0,0.34059709129949595,24900.0,19-11,Leipzig,Erlangen
min,2880.0,14.408861905318501,0.0,0.0,0.0,7-25,Dortmund,Solingen
mean,3050.5945945945946,15.359807456035588,0.0,0.0,0.0,7-25,Dortmund,Solingen
max,3672.0,20.27302613474052,0.0,0.0,0.0,7-25,Dortmund,Solingen
min,4380.0,9.199570884895305,0.0,0.0,0.0,19-3,Leipzig,Berlin
mean,17081.050632911392,24.944982246551778,1.4367088607594938,0.17685641335370036,3717.5464135021098,19-3,Leipzig,Berlin
max,53762.0,56.01427340237528,2.0,0.3789003752790372,45451.0,19-3,Leipzig,Berlin
min,7233.0,11.656336186748714,0.0,0.0,0.0,16-29,Heidelberg,Würzburg
mean,11289.44366197183,30.874113362587515,1.1056338028169015,0.33929930392774854,934.612676056338,16-29,Heidelberg,Würzburg
max,16239.0,58.90085989675844,2.0,0.6317246641289922,7500.0,16-29,Heidelberg,Würzburg
min,8640.0,21.430137651099628,0.0,0.0,0.0,23-20,Oberhausen,Mannheim
mean,16019.281173594132,59.25488164907685,0.8533007334963325,0.008146113149692642,1432.3349633251835,23-20,Oberhausen,Mannheim
max,33957.0,94.75580039911257,1.0,0.08098922684382094,18180.0,23-20,Oberhausen,Mannheim
min,9660.0,24.358837896101953,0.0,0.0,0.0,29-19,Würzburg,Leipzig
mean,12113.28,80.05147242408086,0.6,0.12341045714242099,89.0,29-19,Würzburg,Leipzig
max,14950.0,124.10993852242323,1.0,0.3481864075859607,2400.0,29-19,Würzburg,Leipzig
min,2700.0,12.57406369595896,0.0,0.0,0.0,18-14,Köln,Hagen
mean,8430.6,16.642445202515802,0.65,0.11618323100020493,1463.55,18-14,Köln,Hagen
max,29790.0,23.16723480000002,2.0,0.4766491528213535,21708.0,18-14,Köln,Hagen
min,1740.0,10.009483560830347,0.0,0.0,0.0,25-14,Solingen,Hagen
mean,1958.857142857143,12.23005982651168,0.0,0.0,0.0,25-14,Solingen,Hagen
max,3002.0,15.544033859769351,0.0,0.0,0.0,25-14,Solingen,Hagen
min,9300.0,24.867483933782374,0.0,0.0,0.0,6-14,Darmstadt,Hagen
mean,15627.861861861862,44.549652223441974,1.4234234234234233,0.16209295210251778,896.9879879879879,6-14,Darmstadt,Hagen
max,20897.0,82.07318926276301,2.0,0.3736065020725989,7489.0,6-14,Darmstadt,Hagen
min,2145.0,10.951165081692158,0.0,0.0,0.0,28-4,Wuppertal,Bochum
mean,7650.816,16.602711072209363,0.808,0.07605323524422043,1651.232,28-4,Wuppertal,Bochum
max,25056.0,34.98033954471592,1.0,0.31688848018425153,20749.0,28-4,Wuppertal,Bochum
min,2641.0,13.19634634996018,0.0,0.0,0.0,13-28,Gelsenkirchen,Wuppertal
mean,7851.779527559055,30.803536476237827,1.5590551181102361,0.1307126512839571,762.5433070866142,13-28,Gelsenkirchen,Wuppertal
max,36420.0,128.93854650487629,7.0,0.7711862641187386,2089.0,13-28,Gelsenkirchen,Wuppertal
min,3820.0,10.083376239698053,0.0,0.0,0.0,14-8,Hagen,Duisburg
mean,14250.609022556391,14.223143711879114,1.7794486215538847,0.26529297448595557,4263.110275689223,14-8,Hagen,Duisburg
max,36091.0,35.360140747893354,3.0,0.617015282746774,29349.0,14-8,Hagen,Duisburg
min,8640.0,16.018425710820026,0.0,0.0,0.0,5-17,Bonn,Karlsruhe
mean,13202.825,51.32709788839242,1.175,0.06273123411726383,617.875,5-17,Bonn,Karlsruhe
max,17306.0,93.47770340625459,2.0,0.4620589317862821,4674.0,5-17,Bonn,Karlsruhe
min,10200.0,20.183061411330627,0.0,0.0,0.0,17-22,Karlsruhe,Nürnberg
mean,22232.67,47.56935650874365,0.68,0.20158401888196867,4112.4,17-22,Karlsruhe,Nürnberg
max,69999.0,82.14302849903561,1.0,0.5556791407913115,58200.0,17-22,Karlsruhe,Nürnberg
min,12960.0,32.220138045921644,0.0,0.0,0.0,19-6,Leipzig,Darmstadt
mean,22958.48285714286,85.99877820634211,1.0342857142857143,0.13137344892529057,1900.3057142857142,19-6,Leipzig,Darmstadt
max,46175.0,125.86514120626896,2.0,0.3827169543985631,27000.0,19-6,Leipzig,Darmstadt
min,8700.0,18.0,0.0,0.0,0.0,22-6,Nürnberg,Darmstadt
mean,14058.618811881188,47.01357987438924,0.8514851485148515,0.19490595908463362,709.6039603960396,22-6,Nürnberg,Darmstadt
max,29100.0,74.39769816034598,1.0,0.5922985738918479,20640.0,22-6,Nürnberg,Darmstadt
min,2803.0,6.8896393806478615,0.0,0.0,0.0,13-14,Gelsenkirchen,Hagen
mean,8427.054545454546,26.30196272288911,1.7878787878787878,0.14597575073508656,1547.169696969697,13-14,Gelsenkirchen,Hagen
max,35400.0,122.631839535564,7.0,0.7711862641187386,5640.0,13-14,Gelsenkirchen,Hagen
min,10860.0,23.44335448922985,0.0,0.0,0.0,15-4,Hamburg,Bochum
mean,27301.270684371808,47.06979438260547,1.114402451481103,0.25667948312818606,5085.23697650664,15-4,Hamburg,Bochum
max,55820.0,106.49918241252449,2.0,0.7926867055368072,33351.0,15-4,Hamburg,Bochum
min,13380.0,29.53961301210307,0.0,0.0,0.0,7-10,Dortmund,Erfurt
mean,19601.19170984456,63.26499198923774,0.7512953367875648,0.1742347085960472,627.279792746114,7-10,Dortmund,Erfurt
max,26696.0,232.15449830080246,1.0,0.4126855907413857,5400.0,7-10,Dortmund,Erfurt
min,7140.0,9.0,0.0,0.0,0.0,20-5,Mannheim,Bonn
mean,8381.565217391304,50.3303925670258,0.391304347826087,0.021030891067124233,120.0,20-5,Mannheim,Bonn
max,10876.0,79.64655816782654,1.0,0.10749122100974608,720.0,20-5,Mannheim,Bonn
min,2580.0,13.237509304223233,0.0,0.0,0.0,10-2,Erfurt,Bamberg
mean,5417.777777777777,32.65384267727264,0.0,0.10275921967166395,0.0,10-2,Erfurt,Bamberg
max,9295.0,50.87954015728096,0.0,0.41103687868665584,0.0,10-2,Erfurt,Bamberg
min,6618.0,7.0,0.0,0.0,0.0,26-29,Stuttgart,Würzburg
mean,10650.768,41.83055198822493,0.52,0.07391798100388898,1012.352,26-29,Stuttgart,Würzburg
max,20640.0,80.27820493534172,1.0,0.2843867537553289,10020.0,26-29,Stuttgart,Würzburg
min,6360.0,14.580545653466457,0.0,0.0,0.0,9-24,Düsseldorf,Osnabrück
mean,12733.924757281553,32.026361826999796,0.8398058252427184,0.3207233519668318,1401.4805825242718,9-24,Düsseldorf,Osnabrück
max,55349.0,53.27754073083877,1.0,0.6242847699832994,43800.0,9-24,Düsseldorf,Osnabrück
min,2464.0,4.0,0.0,0.0,0.0,20-6,Mannheim,Darmstadt
mean,3745.165467625899,9.758980152820849,0.17985611510791366,0.1522956284222825,502.44604316546764,20-6,Mannheim,Darmstadt
max,18960.0,24.837183089612733,1.0,0.5064214300636065,15720.0,20-6,Mannheim,Darmstadt
min,3060.0,16.405995692247878,0.0,0.0,0.0,5-28,Bonn,Wuppertal
mean,3269.446808510638,19.03545850742518,0.40425531914893614,0.0,31.914893617021278,5-28,Bonn,Wuppertal
max,4021.0,24.731033048718725,1.0,0.0,300.0,5-28,Bonn,Wuppertal
min,2761.0,13.158167824514592,0.0,0.0,0.0,28-13,Wuppertal,Gelsenkirchen
mean,16742.302564102563,18.906594367976794,1.5538461538461539,0.16907772158461135,5595.651282051282,28-13,Wuppertal,Gelsenkirchen
max,52987.0,30.629057767446753,2.0,0.35957023126412835,48349.0,28-13,Wuppertal,Gelsenkirchen
min,6307.0,28.22369987744805,0.0,0.0,0.0,1-4,Aachen,Bochum
mean,18354.452205882353,41.01349993366678,1.6580882352941178,0.15705171023981096,4512.198529411765,1-4,Aachen,Bochum
max,74856.0,164.5372686314834,3.0,0.4283690281204683,62577.0,1-4,Aachen,Bochum
min,2577.0,5.0184257108200265,0.0,0.0,0.0,17-16,Karlsruhe,Heidelberg
mean,3045.391304347826,11.1203807933931,0.13043478260869565,0.22548312600801043,4.3478260869565215,17-16,Karlsruhe,Heidelberg
max,4020.0,20.85261840543491,1.0,0.5762346553538042,60.0,17-16,Karlsruhe,Heidelberg
min,12900.0,20.84534229126252,0.0,0.0,0.0,21-6,München,Darmstadt
mean,17421.730941704034,69.21943102080472,1.1704035874439462,0.12773825078807446,930.9955156950673,21-6,München,Darmstadt
max,23790.0,121.62836403006077,2.0,0.4519275061811269,6246.0,21-6,München,Darmstadt
min,10920.0,15.845342291262519,0.0,0.0,0.0,21-17,München,Karlsruhe
mean,12839.424050632912,60.806917355927204,0.7025316455696202,0.05350898739385163,744.493670886076,21-17,München,Karlsruhe
max,38820.0,157.77745454772094,1.0,0.3131266669714283,21420.0,21-17,München,Karlsruhe
min,10504.0,20.0,0.0,0.0,0.0,29-8,Würzburg,Duisburg
mean,14867.260355029586,84.04736320921663,0.6863905325443787,0.11764924319353726,1228.6627218934912,29-8,Würzburg,Duisburg
max,28203.0,106.395048688704,2.0,0.1731902720132223,15535.0,29-8,Würzburg,Duisburg
min,2104.0,9.266206853064123,0.0,0.0,0.0,18-8,Köln,Duisburg
mean,10055.68619246862,13.479124346724431,0.6150627615062761,0.1809835702104209,2282.439330543933,18-8,Köln,Duisburg
max,34414.0,19.863722954141792,1.0,0.36423891386674095,29293.0,18-8,Köln,Duisburg
min,9840.0,24.476409224118072,0.0,0.0,0.0,26-5,Stuttgart,Bonn
mean,14075.089514066496,68.01813544870681,0.9744245524296675,0.03365190349113518,762.5063938618925,26-5,Stuttgart,Bonn
max,30720.0,111.29714428290865,2.0,0.12900646193872864,20040.0,26-5,Stuttgart,Bonn
min,4140.0,13.935265174080222,0.0,0.0,0.0,5-23,Bonn,Oberhausen
mean,15502.032608695652,18.31151604829437,2.25,0.19162397886418026,3754.141304347826,5-23,Bonn,Oberhausen
max,30506.0,30.01769929533577,3.0,0.414242284369868,22109.0,5-23,Bonn,Oberhausen
min,10320.0,22.0,0.0,0.0,0.0,26-1,Stuttgart,Aachen
mean,17284.472222222223,95.78412510848544,0.8888888888888888,0.09018646495893884,905.3888888888889,26-1,Stuttgart,Aachen
max,27122.0,126.66941643941776,1.0,0.6137484712866862,6282.0,26-1,Stuttgart,Aachen
min,1140.0,4.399378344488151,0.0,0.0,0.0,7-14,Dortmund,Hagen
mean,1277.5,4.944758252108902,0.0,0.0,0.0,7-14,Dortmund,Hagen
max,1690.0,6.580897974971143,0.0,0.0,0.0,7-14,Dortmund,Hagen
min,10080.0,17.0,0.0,0.0,0.0,7-15,Dortmund,Hamburg
mean,12073.714285714286,58.363186783368675,0.0,0.03830598623797217,0.0,7-15,Dortmund,Hamburg
max,15669.0,103.35120158475235,0.0,0.5141188754744108,0.0,7-15,Dortmund,Hamburg
min,1865.0,3.6655736014576616,0.0,0.0,0.0,4-23,Bochum,Oberhausen
mean,6014.55504587156,6.971894323458895,0.8899082568807339,0.0890403778066894,1799.2522935779816,4-23,Bochum,Oberhausen
max,10586.0,21.796367821823782,1.0,0.24294064489372744,9032.0,4-23,Bochum,Oberhausen
min,5820.0,20.04604534240101,0.0,0.0,0.0,28-24,Wuppertal,Osnabrück
mean,13803.56862745098,26.137531662061598,0.6862745098039216,0.2513857823344945,1958.686274509804,28-24,Wuppertal,Osnabrück
max,24870.0,47.082378048701926,1.0,0.4748398110762674,16549.0,28-24,Wuppertal,Osnabrück
min,7200.0,12.656336186748714,0.0,0.0,0.0,5-20,Bonn,Mannheim
mean,10912.201005025127,39.633087180754224,0.5778894472361809,0.09966909349879685,666.7638190954774,5-20,Bonn,Mannheim
max,29346.0,79.64655816782653,1.0,0.5175489405614699,18174.0,5-20,Bonn,Mannheim
min,13440.0,43.03397089776557,0.0,0.0,0.0,27-5,Ulm,Bonn
mean,18361.801169590643,87.2570114386293,1.3430799220272904,0.030258676661302702,1035.5945419103314,27-5,Ulm,Bonn
max,32880.0,136.04055984777202,2.0,0.12900646193872864,11488.0,27-5,Ulm,Bonn
min,11507.0,23.44335448922985,0.0,0.0,0.0,16-4,Heidelberg,Bochum
mean,23067.690243902438,51.55525378186322,1.1195121951219513,0.34223878408403247,3545.2463414634144,16-4,Heidelberg,Bochum
max,59320.0,142.28890445308886,2.0,0.6455258264681283,41757.0,16-4,Heidelberg,Bochum
min,2457.0,13.957365849810536,0.0,0.0,0.0,12-25,Essen,Solingen
mean,8199.026315789473,38.8918774566474,1.236842105263158,0.02844772652124222,873.2894736842105,12-25,Essen,Solingen
max,30420.0,313.07060721512266,2.0,0.1448116807415451,9285.0,12-25,Essen,Solingen
min,14280.0,42.22137675001148,0.0,0.0,0.0,29-15,Würzburg,Hamburg
mean,22076.615384615383,83.67466634044928,0.0,0.16893215510167076,0.0,29-15,Würzburg,Hamburg
max,27350.0,152.7486962552371,0.0,0.4880262258492707,0.0,29-15,Würzburg,Hamburg
min,12360.0,39.13872606196311,0.0,0.0,0.0,15-28,Hamburg,Wuppertal
mean,18135.069444444445,69.98624873235369,0.7777777777777778,0.16391596542723771,1658.4027777777778,15-28,Hamburg,Wuppertal
max,24358.0,113.5756394286075,1.0,0.5141188754744108,6589.0,15-28,Hamburg,Wuppertal
min,10251.0,19.0,0.0,0.0,0.0,16-8,Heidelberg,Duisburg
mean,20283.04555808656,58.37452681501803,1.4350797266514805,0.37697899827686865,2676.3325740318905,16-8,Heidelberg,Duisburg
max,44145.0,137.7115345970292,2.0,0.8049149361422145,30551.0,16-8,Heidelberg,Duisburg
min,480.0,1.491823481819862,0.0,0.0,0.0,12-4,Essen,Bochum
mean,1119.1645569620252,3.2135863696445037,0.0,0.07894805481546441,0.0,12-4,Essen,Bochum
max,1984.0,5.255747372845799,0.0,0.25706738864432777,0.0,12-4,Essen,Bochum
min,12020.0,23.333643767677245,0.0,0.0,0.0,17-2,Karlsruhe,Bamberg
mean,21091.794425087108,56.29149346032462,1.1428571428571428,0.21203920874330298,2365.1324041811845,17-2,Karlsruhe,Bamberg
max,51017.0,152.24631243082882,2.0,0.4408448120462264,36300.0,17-2,Karlsruhe,Bamberg
min,11927.0,24.8427599175785,0.0,0.0,0.0,16-13,Heidelberg,Gelsenkirchen
mean,22896.83870967742,56.50944248688064,1.8270967741935484,0.34614514525979767,3101.704516129032,16-13,Heidelberg,Gelsenkirchen
max,53154.0,206.17227269158403,3.0,0.9314738038531968,36000.0,16-13,Heidelberg,Gelsenkirchen
min,2100.0,5.178996898370347,0.0,0.0,0.0,6-16,Darmstadt,Heidelberg
mean,5804.675213675214,10.201589696684733,0.28205128205128205,0.14795812850367407,1709.5897435897436,6-16,Darmstadt,Heidelberg
max,20100.0,18.196537390221643,1.0,0.507347633325447,18300.0,6-16,Darmstadt,Heidelberg
min,7380.0,12.0,0.0,0.0,0.0,6-25,Darmstadt,Solingen
mean,9599.256,48.03670789034274,0.896,0.05609938890490445,487.56,6-25,Darmstadt,Solingen
max,14700.0,68.6104365896009,2.0,0.20095127969917595,8760.0,6-25,Darmstadt,Solingen
min,3000.0,14.424131224912887,0.0,0.0,0.0,13-25,Gelsenkirchen,Solingen
mean,9328.470588235294,25.952693084367084,1.411764705882353,0.037618152287271854,1978.6666666666667,13-25,Gelsenkirchen,Solingen
max,37260.0,132.6413230963943,7.0,0.7711862641187386,11565.0,13-25,Gelsenkirchen,Solingen
min,5940.0,14.232167709347625,0.0,0.0,0.0,17-27,Karlsruhe,Ulm
mean,9297.04,33.97751013040427,0.84,0.034599059100215344,1092.15,17-27,Karlsruhe,Ulm
max,23347.0,47.01893190000004,2.0,0.384433990002393,14131.0,17-27,Karlsruhe,Ulm
min,13440.0,30.50263621692493,0.0,0.0,0.0,10-7,Erfurt,Dortmund
mean,30701.94927536232,48.567421606257604,1.2826086956521738,0.2609790879403566,3696.304347826087,10-7,Erfurt,Dortmund
max,74696.0,147.65252166782741,2.0,0.4126855907413857,54300.0,10-7,Erfurt,Dortmund
min,12540.0,42.5575616736475,0.0,0.0,0.0,27-10,Ulm,Erfurt
mean,24402.569620253165,101.92053777741303,1.389240506329114,0.030602066991967283,2192.737341772152,27-10,Ulm,Erfurt
max,45384.0,149.54028392110285,2.0,0.1405001395943772,20924.0,27-10,Ulm,Erfurt
min,5392.0,26.731876395628184,0.0,0.0,0.0,1-12,Aachen,Essen
mean,9325.222222222223,44.77779601037525,0.7777777777777778,0.04776216046337964,1229.1666666666667,1-12,Aachen,Essen
max,14160.0,149.63684000030366,1.0,0.19104864185351866,8580.0,1-12,Aachen,Essen
min,958.0,1.1569505551188628,0.0,0.0,0.0,12-23,Essen,Oberhausen
mean,1176.3333333333333,3.01688694055705,0.16666666666666666,0.09110274183514781,102.5,12-23,Essen,Oberhausen
max,1920.0,6.116290706894136,1.0,0.24294064489372744,960.0,12-23,Essen,Oberhausen
min,12827.0,21.0,0.0,0.0,0.0,10-16,Erfurt,Heidelberg
mean,13849.714285714286,70.49700524075978,0.5142857142857142,0.19061409537305984,316.14285714285717,10-16,Erfurt,Heidelberg
max,16920.0,101.33182024123369,2.0,0.6317246641289922,5880.0,10-16,Erfurt,Heidelberg
min,4680.0,12.0,0.0,0.0,0.0,26-6,Stuttgart,Darmstadt
mean,8675.953846153847,22.56464696081632,0.5692307692307692,0.07742182393562747,1051.876923076923,26-6,Stuttgart,Darmstadt
max,16352.0,51.61228243850976,1.0,0.2123674657241492,6600.0,26-6,Stuttgart,Darmstadt
min,9600.0,24.358837896101953,0.0,0.0,0.0,19-29,Leipzig,Würzburg
mean,16780.1488372093,79.01817577771138,0.7209302325581395,0.1311064819241019,1112.0372093023257,19-29,Leipzig,Würzburg
max,40140.0,116.68896085644172,1.0,0.3481864075859607,29220.0,19-29,Leipzig,Würzburg
min,6180.0,14.199570884895305,0.0,0.0,0.0,15-3,Hamburg,Berlin
mean,23539.89230769231,51.0764687818095,1.323076923076923,0.09251878608825734,5273.092307692307,15-3,Hamburg,Berlin
max,46446.0,86.06427098936364,2.0,0.3303368470493338,33970.0,15-3,Hamburg,Berlin
min,3300.0,14.247192617541854,0.0,0.0,0.0,28-5,Wuppertal,Bonn
mean,3756.4285714285716,17.36525322620474,0.6964285714285714,0.0,274.2857142857143,28-5,Wuppertal,Bonn
max,4920.0,23.314669123230203,1.0,0.0,1920.0,28-5,Wuppertal,Bonn
min,8100.0,36.73187639562817,0.0,0.0,0.0,1-20,Aachen,Mannheim
mean,15281.561643835616,70.68542587250404,0.8904109589041096,0.011780388264446119,1537.5342465753424,1-20,Aachen,Mannheim
max,28312.0,94.88291290969343,1.0,0.09555203814495188,13484.0,1-20,Aachen,Mannheim
min,7080.0,9.0,0.0,0.0,0.0,10-29,Erfurt,Würzburg
mean,10291.094890510949,51.202633697243535,0.5620437956204379,0.025836286911967467,1256.4963503649635,10-29,Erfurt,Würzburg
max,47400.0,81.10494294517571,1.0,0.13109523359035344,39720.0,10-29,Erfurt,Würzburg
min,14998.0,24.476409224118072,0.0,0.0,0.0,15-5,Hamburg,Bonn
mean,18616.635338345866,72.13434654374575,1.3233082706766917,0.08261304064454929,1146.451127819549,15-5,Hamburg,Bonn
max,22381.0,134.61646795406278,3.0,0.3750381017540258,5130.0,15-5,Hamburg,Bonn
min,10448.0,20.233723181043654,0.0,0.0,0.0,16-11,Heidelberg,Erlangen
mean,18170.54716981132,54.497191547874316,1.5518867924528301,0.2649974816590327,2216.6556603773583,16-11,Heidelberg,Erlangen
max,32734.0,135.18812256664552,4.0,0.6317246641289922,19200.0,16-11,Heidelberg,Erlangen
min,2441.0,5.0184257108200265,0.0,0.0,0.0,16-17,Heidelberg,Karlsruhe
mean,2951.1304347826085,11.054268932523538,0.13043478260869565,0.22548312600801043,4.3478260869565215,16-17,Heidelberg,Karlsruhe
max,3660.0,20.85261840543491,1.0,0.5762346553538042,60.0,16-17,Heidelberg,Karlsruhe
min,1980.0,5.2070310891440075,0.0,0.0,0.0,22-2,Nürnberg,Bamberg
mean,3273.714285714286,10.586083867614896,0.0,0.15322677091738787,0.0,22-2,Nürnberg,Bamberg
max,4542.0,18.46923359999999,0.0,0.4767055095207621,0.0,22-2,Nürnberg,Bamberg
min,4920.0,12.514927497713153,0.0,0.0,0.0,13-5,Gelsenkirchen,Bonn
mean,7106.010471204188,20.603079264063723,0.7486910994764397,0.010414356736121877,930.8638743455498,13-5,Gelsenkirchen,Bonn
max,17112.0,31.940201532404107,1.0,0.03900278699214267,12045.0,13-5,Gelsenkirchen,Bonn
min,7080.0,17.15445428513209,0.0,0.0,0.0,21-29,München,Würzburg
mean,15669.901960784313,56.156134853187666,0.7581699346405228,0.2218704503550482,1850.3507625272332,21-29,München,Würzburg
max,57800.0,83.25721689319427,1.0,0.755495543415862,42258.0,21-29,München,Würzburg
min,11602.0,28.15445428513209,0.0,0.0,0.0,29-5,Würzburg,Bonn
mean,20304.60700389105,47.26328391705514,1.0194552529182879,0.2177314483979671,717.4280155642024,29-5,Würzburg,Bonn
max,28031.0,93.88434292820642,2.0,0.6587391413346947,5058.0,29-5,Würzburg,Bonn
min,17201.0,37.33015991962245,0.0,0.0,0.0,19-14,Leipzig,Hagen
mean,22314.31226765799,103.29920812277332,1.2936802973977695,0.06177092715157307,1252.081784386617,19-14,Leipzig,Hagen
max,29760.0,201.5503250193705,2.0,0.30771072969950297,9199.0,19-14,Leipzig,Hagen
min,10620.0,22.65633618674872,0.0,0.0,0.0,10-20,Erfurt,Mannheim
mean,18844.328025477706,60.35570711727063,0.732484076433121,0.24534847214345978,1814.6496815286623,10-20,Erfurt,Mannheim
max,52860.0,98.52192845918405,1.0,0.6712774263665606,42720.0,10-20,Erfurt,Mannheim
min,3960.0,7.972968402887381,0.0,0.0,0.0,29-11,Würzburg,Erlangen
mean,4403.426086956521,24.844829071604714,0.4608695652173913,0.0770123973139422,134.08695652173913,29-11,Würzburg,Erlangen
max,6480.0,37.176267316084584,1.0,0.3053939893483916,2400.0,29-11,Würzburg,Erlangen
min,11447.0,22.466778471773356,0.0,0.0,0.0,16-23,Heidelberg,Oberhausen
mean,15864.065217391304,59.887719620463606,1.1521739130434783,0.29680386832956396,1376.0652173913043,16-23,Heidelberg,Oberhausen
max,27960.0,96.41213658586128,2.0,0.6317246641289922,16560.0,16-23,Heidelberg,Oberhausen
min,11160.0,19.0,0.0,0.0,0.0,19-15,Leipzig,Hamburg
mean,14586.439024390244,99.61449690288416,0.0,0.07804007412712678,0.0,19-15,Leipzig,Hamburg
max,18855.0,136.90019139714295,0.0,0.35551589324579996,0.0,19-15,Leipzig,Hamburg
min,4320.0,12.739890290482535,0.0,0.0,0.0,12-5,Essen,Bonn
mean,10206.445182724252,16.263076067361393,1.3920265780730896,0.07226651596800795,2325.966777408638,12-5,Essen,Bonn
max,24208.0,29.06217721438384,2.0,0.1448116807415451,19005.0,12-5,Essen,Bonn
min,12480.0,26.018425710820022,0.0,0.0,0.0,10-17,Erfurt,Karlsruhe
mean,20599.493955094993,73.16324849129342,0.8963730569948186,0.22484205143626987,2096.082901554404,10-17,Erfurt,Karlsruhe
max,54660.0,116.36226515728092,1.0,0.6157874175913725,42720.0,10-17,Erfurt,Karlsruhe
min,784.0,4.895309445818012,0.0,0.0,0.0,9-8,Düsseldorf,Duisburg
mean,2822.748427672956,6.406018081698225,0.39622641509433965,0.18880306358059232,422.2138364779874,9-8,Düsseldorf,Duisburg
max,9483.0,11.133599780310814,1.0,0.6253969673539055,5734.0,9-8,Düsseldorf,Duisburg
min,15060.0,47.43372043480858,0.0,0.0,0.0,22-28,Nürnberg,Wuppertal
mean,24323.70588235294,86.53032400308528,1.5205882352941176,0.15937859399808219,1816.6,22-28,Nürnberg,Wuppertal
max,32132.0,136.00551459888752,2.0,0.4783542215754919,16620.0,22-28,Nürnberg,Wuppertal
min,10920.0,22.0023113256541,0.0,0.0,0.0,6-10,Darmstadt,Erfurt
mean,13286.929032258064,60.296617603476975,0.6129032258064516,0.08694162331434276,442.4516129032258,6-10,Darmstadt,Erfurt
max,19802.0,84.92625812198081,1.0,0.42112348792884796,2040.0,6-10,Darmstadt,Erfurt
min,6120.0,14.106339470763448,0.0,0.0,0.0,3-15,Berlin,Hamburg
mean,17070.958441558443,36.15996759770247,1.2415584415584415,0.06433437679367546,2353.761038961039,3-15,Berlin,Hamburg
max,49211.0,86.06427098936364,2.0,0.2263694754592913,36029.0,3-15,Berlin,Hamburg
min,12587.0,27.160773610048427,0.0,0.0,0.0,16-10,Heidelberg,Erfurt
mean,15414.487562189055,72.74076259065235,0.9651741293532339,0.314051776127409,493.8805970149254,16-10,Heidelberg,Erfurt
max,18992.0,101.24531169966473,2.0,0.6317246641289922,4800.0,16-10,Heidelberg,Erfurt
min,540.0,1.6839978952098993,0.0,0.0,0.0,7-4,Dortmund,Bochum
mean,958.7721518987341,3.30368150708676,0.0,0.07420806181529947,0.0,7-4,Dortmund,Bochum
max,2027.0,6.293546657775751,0.0,0.31688848018425153,0.0,7-4,Dortmund,Bochum
min,9600.0,22.334020302581134,0.0,0.0,0.0,29-9,Würzburg,Düsseldorf
mean,15899.69696969697,60.864460260596935,1.2121212121212122,0.09497992123286958,672.7083333333334,29-9,Würzburg,Düsseldorf
max,24561.0,101.13232406344677,2.0,0.4885209141670285,7437.0,29-9,Würzburg,Düsseldorf
min,12900.0,24.0,0.0,0.0,0.0,26-10,Stuttgart,Erfurt
mean,18556.90425531915,95.21364249912705,0.6595744680851063,0.024291194639816088,1181.3297872340424,26-10,Stuttgart,Erfurt
max,34900.0,124.79686835623957,1.0,0.1405001395943772,13800.0,26-10,Stuttgart,Erfurt
min,8095.0,33.35805958660076,0.0,0.0,0.0,29-27,Würzburg,Ulm
mean,16144.2,64.65126947029599,1.215,0.03527368362365476,1020.675,29-27,Würzburg,Ulm
max,25252.0,113.9126313014106,2.0,0.26128654536040546,7185.0,29-27,Würzburg,Ulm
min,10498.0,21.95153100741,0.0,0.0,0.0,15-12,Hamburg,Essen
mean,26287.225165562915,44.24314938795787,1.130558183538316,0.24872602870719754,4658.725638599811,15-12,Hamburg,Essen
max,80412.0,109.2082626553894,2.0,0.7811457386977687,60351.0,15-12,Hamburg,Essen
min,1146.0,2.346939519423768,0.0,0.0,0.0,13-4,Gelsenkirchen,Bochum
mean,8118.1016949152545,6.275331002231517,0.864406779661017,0.11974705125170679,2482.124293785311,13-4,Gelsenkirchen,Bochum
max,30223.0,14.389457984166205,1.0,0.31129010656324324,27000.0,13-4,Gelsenkirchen,Bochum
min,7920.0,14.910053581379357,0.0,0.0,0.0,29-17,Würzburg,Karlsruhe
mean,9205.977528089888,48.34705649611208,0.5842696629213483,0.10851411141376005,293.70786516853934,29-17,Würzburg,Karlsruhe
max,12840.0,75.68605069458049,1.0,0.4164008744758161,4440.0,29-17,Würzburg,Karlsruhe
min,5056.0,13.929586468129814,0.0,0.0,0.0,28-1,Wuppertal,Aachen
mean,9339.312,26.57716580132733,0.848,0.12799897908117158,1782.432,28-1,Wuppertal,Aachen
max,38806.0,53.63218148221678,2.0,0.48484461773171095,32938.0,28-1,Wuppertal,Aachen
min,12060.0,23.23705327421133,0.0,0.0,0.0,29-4,Würzburg,Bochum
mean,19135.292553191488,81.63176340669405,1.2726063829787233,0.07029430421657348,1484.8643617021276,29-4,Würzburg,Bochum
max,40620.0,124.46288489052924,2.0,0.2907958305591114,28920.0,29-4,Würzburg,Bochum
min,10440.0,26.49059342592536,0.0,0.0,0.0,20-10,Mannheim,Erfurt
mean,13604.714285714286,65.59812471983658,0.0,0.17533945244969779,0.0,20-10,Mannheim,Erfurt
max,16892.0,100.27624603760776,0.0,0.5455005187323932,0.0,20-10,Mannheim,Erfurt
min,7596.0,13.509717578147376,0.0,0.0,0.0,6-5,Darmstadt,Bonn
mean,14076.647577092512,35.07275059098026,1.5462555066079295,0.19183039673014832,1230.2775330396476,6-5,Darmstadt,Bonn
max,24161.0,67.52861247671079,3.0,0.5213855862207196,9999.0,6-5,Darmstadt,Bonn
min,2160.0,21.731876395628184,0.0,0.0,0.0,1-18,Aachen,Köln
mean,2477.0,21.766954005768458,0.0,0.0,0.0,1-18,Aachen,Köln
max,3428.0,21.872186836189204,0.0,0.0,0.0,1-18,Aachen,Köln
min,12960.0,42.5575616736475,0.0,0.0,0.0,27-25,Ulm,Solingen
mean,19695.4708994709,109.90488913065008,1.597883597883598,0.015768708612293274,1526.6666666666667,27-25,Ulm,Solingen
max,37028.0,140.9179185597693,2.0,0.2021364189194301,13724.0,27-25,Ulm,Solingen
min,1486.0,5.944731840793687,0.0,0.0,0.0,9-25,Düsseldorf,Solingen
mean,5508.553571428572,10.365239010987082,0.7857142857142857,0.08221695629548942,1386.0267857142858,9-25,Düsseldorf,Solingen
max,14399.0,16.683077348445867,1.0,0.3540777311885008,11565.0,9-25,Düsseldorf,Solingen
min,5940.0,20.70998424445429,0.0,0.0,0.0,27-17,Ulm,Karlsruhe
mean,12703.626506024097,33.5469184054907,0.8072289156626506,0.08370448551220665,2333.614457831325,27-17,Ulm,Karlsruhe
max,37747.0,46.59324390000001,1.0,0.3647041142013652,28365.0,27-17,Ulm,Karlsruhe
min,4140.0,10.747743800511673,0.0,0.0,0.0,23-5,Oberhausen,Bonn
mean,6266.604651162791,17.103517247217958,0.786046511627907,0.00696453295474031,925.1860465116279,23-5,Oberhausen,Bonn
max,16265.0,29.49210046984724,1.0,0.029360285985669955,12045.0,23-5,Oberhausen,Bonn
min,13140.0,42.84150265348113,0.0,0.0,0.0,15-25,Hamburg,Solingen
mean,18249.389655172414,72.65243317533877,0.8344827586206897,0.14987155720302772,1364.7413793103449,15-25,Hamburg,Solingen
max,25138.0,118.47167928948916,1.0,0.5141188754744108,6589.0,15-25,Hamburg,Solingen
min,4860.0,12.968232705937927,0.0,0.0,0.0,5-4,Bonn,Bochum
mean,10384.975409836066,23.51930465386473,1.2622950819672132,0.12381764384101406,1745.049180327869,5-4,Bonn,Bochum
max,31116.0,38.45960717921793,2.0,0.4283690281204683,23909.0,5-4,Bonn,Bochum
min,14640.0,21.0,0.0,0.0,0.0,18-15,Köln,Hamburg
mean,16869.060606060608,70.97273390157598,0.15151515151515152,0.055485033710353966,50.75757575757576,18-15,Köln,Hamburg
max,18722.0,189.06068325246207,1.0,0.16985333016154253,1680.0,18-15,Köln,Hamburg
min,3510.0,8.731014251077822,0.0,0.0,0.0,14-23,Hagen,Oberhausen
mean,6825.615384615385,15.670270577544592,1.1367521367521367,0.1172568721512561,865.034188034188,14-23,Hagen,Oberhausen
max,13466.0,32.42553202899519,2.0,0.30276173643365123,8449.0,14-23,Hagen,Oberhausen
min,6660.0,16.0,0.0,0.0,0.0,20-25,Mannheim,Solingen
mean,12038.73417721519,60.63482899967313,0.7468354430379747,0.039442454577298926,1070.0253164556962,20-25,Mannheim,Solingen
max,37320.0,81.47256211252417,1.0,0.3809121772945608,23847.0,20-25,Mannheim,Solingen
min,1282.0,1.6563361867487156,0.0,0.0,0.0,16-20,Heidelberg,Mannheim
mean,2198.409638554217,4.4031080960822795,0.10843373493975904,0.28161219967196033,271.0843373493976,16-20,Heidelberg,Mannheim
max,7200.0,16.440306464095,1.0,0.6317246641289922,4500.0,16-20,Heidelberg,Mannheim
min,13618.0,18.0,0.0,0.0,0.0,15-18,Hamburg,Köln
mean,16753.02189781022,59.493987513350895,0.7153284671532847,0.07615808881581308,750.4014598540145,15-18,Hamburg,Köln
max,37860.0,194.40890999042588,3.0,0.3750381017540258,19740.0,15-18,Hamburg,Köln
min,1116.0,1.6563361867487156,0.0,0.0,0.0,20-16,Mannheim,Heidelberg
mean,6750.352112676056,20.811353162049738,0.9577464788732394,0.25906774226982027,1308.225352112676,20-16,Mannheim,Heidelberg
max,15120.0,51.806671878487826,2.0,0.6317246641289922,8340.0,20-16,Mannheim,Heidelberg
min,9360.0,24.0,0.0,0.0,0.0,26-25,Stuttgart,Solingen
mean,15720.251748251749,80.28841573035537,0.916083916083916,0.03126174050059541,746.2237762237762,26-25,Stuttgart,Solingen
max,26544.0,115.03505879200998,1.0,0.2021364189194301,6660.0,26-25,Stuttgart,Solingen
min,4200.0,19.05047292007703,0.0,0.0,0.0,5-14,Bonn,Hagen
mean,11297.510204081633,24.27568435373657,1.2244897959183674,0.10943475447429031,2087.204081632653,5-14,Bonn,Hagen
max,45180.0,30.770625149831208,3.0,0.4766491528213535,35898.0,5-14,Bonn,Hagen
min,13080.0,16.0,0.0,0.0,0.0,10-26,Erfurt,Stuttgart
mean,14336.237288135593,84.9110381079826,0.1864406779661017,0.038156537235360506,171.864406779661,10-26,Erfurt,Stuttgart
max,15480.0,124.79686835623957,1.0,0.16675819976935327,3240.0,10-26,Erfurt,Stuttgart
min,7800.0,14.910053581379357,0.0,0.0,0.0,17-29,Karlsruhe,Würzburg
mean,9868.83606557377,51.45343584199611,0.6721311475409836,0.0825524438035247,496.10928961748635,17-29,Karlsruhe,Würzburg
max,16440.0,75.6860506945805,1.0,0.4164008744758161,6420.0,17-29,Karlsruhe,Würzburg
min,660.0,3.7027765915180297,0.0,0.0,0.0,28-25,Wuppertal,Solingen
mean,794.9387755102041,4.230082892924265,0.0,0.0,0.0,28-25,Wuppertal,Solingen
max,1632.0,5.5405936586569045,0.0,0.0,0.0,28-25,Wuppertal,Solingen
min,424.0,0.7221672310802675,0.0,0.0,0.0,23-8,Oberhausen,Duisburg
mean,550.1923076923077,1.8786183145286326,0.0,0.08474136337993045,0.0,23-8,Oberhausen,Duisburg
max,893.0,3.6586961996463727,0.0,0.1731902720132223,0.0,23-8,Oberhausen,Duisburg
min,8580.0,29.35576603405363,0.0,0.0,0.0,20-14,Mannheim,Hagen
mean,16813.95238095238,66.25277419311925,1.161904761904762,0.11152177098058882,1616.642857142857,20-14,Mannheim,Hagen
max,40320.0,94.8185401936313,2.0,0.4979835328761443,33000.0,20-14,Mannheim,Hagen
min,2195.0,6.0833762396980475,0.0,0.0,0.0,14-4,Hagen,Bochum
mean,6895.352112676056,10.1558731600529,0.9154929577464789,0.09595918766142818,1637.0211267605634,14-4,Hagen,Bochum
max,23976.0,43.38928217046568,1.0,0.31688848018425153,20749.0,14-4,Hagen,Bochum
min,8027.0,23.862283187126394,0.0,0.0,0.0,27-16,Ulm,Heidelberg
mean,27269.52857142857,42.959648732148175,1.5057142857142858,0.2712404137954012,6529.637142857143,27-16,Ulm,Heidelberg
max,89987.0,166.94243974685426,2.0,0.6483546950450165,75165.0,27-16,Ulm,Heidelberg
min,4320.0,16.87578756860622,0.0,0.0,0.0,14-5,Hagen,Bonn
mean,12165.0,21.960713240981043,1.1375,0.04440209532260091,2826.7875,14-5,Hagen,Bonn
max,33000.0,30.505895224342648,2.0,0.17760838129040374,25733.0,14-5,Hagen,Bonn
min,9960.0,17.656336186748714,0.0,0.0,0.0,7-20,Dortmund,Mannheim
mean,17370.420118343194,52.28892286151136,0.7218934911242604,0.21686524931238435,1026.424063116371,7-20,Dortmund,Mannheim
max,38979.0,100.68437798628216,1.0,0.8812095870355671,22145.0,7-20,Dortmund,Mannheim
min,1320.0,5.436328256272472,0.0,0.0,0.0,20-17,Mannheim,Karlsruhe
mean,2326.25,13.161118994533624,0.0,0.14382711302299092,0.0,20-17,Mannheim,Karlsruhe
max,4014.0,20.12165432189581,0.0,0.5753084520919638,0.0,20-17,Mannheim,Karlsruhe
min,9780.0,20.12446375155913,0.0,0.0,0.0,22-20,Nürnberg,Mannheim
mean,11820.461187214612,54.36358504027609,0.7625570776255708,0.1730596092861428,185.6164383561644,22-20,Nürnberg,Mannheim
max,14220.0,88.40077336272059,1.0,0.6111691495664995,4440.0,22-20,Nürnberg,Mannheim
min,6127.0,7.0,0.0,0.0,0.0,29-26,Würzburg,Stuttgart
mean,10239.37037037037,42.534305001263505,0.48148148148148145,0.04441681222777393,1137.7777777777778,29-26,Würzburg,Stuttgart
max,24240.0,81.16805609906527,1.0,0.17766724891109564,15240.0,29-26,Würzburg,Stuttgart
min,10800.0,23.355559079640926,0.0,0.0,0.0,21-20,München,Mannheim
mean,29315.200333889818,59.77779550320955,2.1268781302170283,0.26669257895900383,6559.582637729549,21-20,München,Mannheim
max,64607.0,102.69303726468428,3.0,0.5425557260830745,45197.0,21-20,München,Mannheim
min,11792.0,15.0,0.0,0.0,0.0,14-16,Hagen,Heidelberg
mean,13623.95294117647,58.69750874439191,0.8823529411764706,0.07983218913019297,956.5294117647059,14-16,Hagen,Heidelberg
max,17340.0,95.8283587109843,3.0,0.6317246641289922,7860.0,14-16,Hagen,Heidelberg
min,3471.0,8.731014251077822,0.0,0.0,0.0,23-14,Oberhausen,Hagen
mean,7123.328125,15.263897680113164,1.5078125,0.16989675745247748,1450.65625,23-14,Oberhausen,Hagen
max,12480.0,22.844345445504576,3.0,0.5146135637921686,8940.0,23-14,Oberhausen,Hagen
min,4920.0,9.765595616233247,0.0,0.0,0.0,21-11,München,Erlangen
mean,9514.78947368421,36.6130840119989,0.7192982456140351,0.2762071250886966,689.4736842105264,21-11,München,Erlangen
max,16695.0,56.866101962781364,1.0,0.7479062271293972,5658.0,21-11,München,Erlangen
min,10200.0,31.23944862417308,0.0,0.0,0.0,26-28,Stuttgart,Wuppertal
mean,14281.538461538461,95.76655083649395,1.0476190476190477,0.012758880851083048,122.41758241758242,26-28,Stuttgart,Wuppertal
max,18736.0,122.09496063112827,2.0,0.12900646193872864,2580.0,26-28,Stuttgart,Wuppertal
min,11040.0,20.036892536474927,0.0,0.0,0.0,15-19,Hamburg,Leipzig
mean,17370.951724137933,89.66868649899945,0.696551724137931,0.20843225922763944,1106.6137931034482,15-19,Hamburg,Leipzig
max,23977.0,138.94077930653773,1.0,0.6494783268636868,7912.0,15-19,Hamburg,Leipzig
min,2100.0,10.706085313800468,0.0,0.0,0.0,7-28,Dortmund,Wuppertal
mean,2202.4864864864867,11.463528712728845,0.0,0.0,0.0,7-28,Dortmund,Wuppertal
max,2602.0,15.376986273858735,0.0,0.0,0.0,7-28,Dortmund,Wuppertal
min,3420.0,6.491823481819862,0.0,0.0,0.0,18-4,Köln,Bochum
mean,6687.251046025104,17.670046277235578,0.5648535564853556,0.10900332971182551,904.8326359832636,18-4,Köln,Bochum
max,15726.0,29.82439488039384,1.0,0.4283690281204683,9719.0,18-4,Köln,Bochum
min,7440.0,23.01896035225803,0.0,0.0,0.0,22-19,Nürnberg,Leipzig
mean,9907.034482758621,74.61420404569499,0.4482758620689655,0.10851731212407167,20.689655172413794,22-19,Nürnberg,Leipzig
max,13250.0,93.32177361690857,1.0,0.4874646739014561,240.0,22-19,Nürnberg,Leipzig
min,6300.0,10.0,0.0,0.0,0.0,20-29,Mannheim,Würzburg
mean,8353.387283236994,43.992637624216826,0.653179190751445,0.016244794759341222,429.71098265895955,20-29,Mannheim,Würzburg
max,14340.0,57.24452371000973,1.0,0.104087018272816,6420.0,20-29,Mannheim,Würzburg
min,11820.0,35.62713648322169,0.0,0.0,0.0,29-28,Würzburg,Wuppertal
mean,21195.299734748012,66.94864151237401,2.055702917771883,0.08561557753710551,1575.7241379310344,29-28,Würzburg,Wuppertal
max,29542.0,103.61310584434322,4.0,0.3026307650282498,16620.0,29-28,Würzburg,Wuppertal
min,7680.0,25.22680987661177,0.0,0.0,0.0,25-6,Solingen,Darmstadt
mean,15086.00974025974,52.85353735031803,1.7012987012987013,0.06559630473933412,1425.1915584415585,25-6,Solingen,Darmstadt
max,61577.0,105.08155055399477,3.0,0.4503837726091901,11760.0,25-6,Solingen,Darmstadt
min,10560.0,41.73187639562817,0.0,0.0,0.0,1-26,Aachen,Stuttgart
mean,16884.091743119265,90.18900523875323,0.8899082568807339,0.025369004215417483,1041.6697247706422,1-26,Aachen,Stuttgart
max,46336.0,126.53349902477557,1.0,0.14910462689482362,29684.0,1-26,Aachen,Stuttgart
min,8580.0,14.0,0.0,0.0,0.0,1-6,Aachen,Darmstadt
mean,10758.915254237289,61.26726548525152,0.4915254237288136,0.019292077949079438,357.96610169491527,1-6,Aachen,Darmstadt
max,13560.0,85.01153050919044,1.0,0.08431352585153229,5820.0,1-6,Aachen,Darmstadt
min,11640.0,20.17468535147081,0.0,0.0,0.0,12-15,Essen,Hamburg
mean,14186.38144329897,59.74727229633997,0.6185567010309279,0.11478530574387505,266.1443298969072,12-15,Essen,Hamburg
max,22009.0,109.60233999982245,1.0,0.4069734838498705,4917.0,12-15,Essen,Hamburg
min,2160.0,11.84545297070819,0.0,0.0,0.0,8-25,Duisburg,Solingen
mean,19444.462686567163,47.85800114486949,2.3134328358208953,0.09189207134114985,7357.126865671642,8-25,Duisburg,Solingen
max,40203.0,307.38233141103717,5.0,0.1731902720132223,27055.0,8-25,Duisburg,Solingen
min,15960.0,23.0,0.0,0.0,0.0,19-7,Leipzig,Dortmund
mean,16791.72,88.79300295629454,0.4,0.041156566901469425,72.0,19-7,Leipzig,Dortmund
max,17640.0,197.27445464715998,1.0,0.15243172926470164,900.0,19-7,Leipzig,Dortmund
min,6540.0,20.65633618674872,0.0,0.0,0.0,20-9,Mannheim,Düsseldorf
mean,13650.708108108109,52.44291622146666,0.7243243243243244,0.1771371886970031,888.9972972972973,20-9,Mannheim,Düsseldorf
max,36599.0,84.87819263988695,1.0,0.6474284917831762,22674.0,20-9,Mannheim,Düsseldorf
min,2700.0,7.629556208366513,0.0,0.0,0.0,9-5,Düsseldorf,Bonn
mean,5511.174757281553,10.365199186840119,0.5922330097087378,0.09857124864402012,1142.7669902912621,9-5,Düsseldorf,Bonn
max,14819.0,21.933728105366978,1.0,0.3540777311885008,12045.0,9-5,Düsseldorf,Bonn
min,2460.0,12.703219100729847,0.0,0.0,0.0,5-25,Bonn,Solingen
mean,2563.5348837209303,14.53238512113007,0.4418604651162791,0.0,41.86046511627907,5-25,Bonn,Solingen
max,2988.0,17.671131209600546,1.0,0.0,360.0,5-25,Bonn,Solingen
min,3240.0,13.200425636540096,0.0,0.0,0.0,26-27,Stuttgart,Ulm
mean,3794.0,19.746038235739373,0.0,0.0,0.0,26-27,Stuttgart,Ulm
max,4820.0,27.956173732240853,0.0,0.0,0.0,26-27,Stuttgart,Ulm
min,4860.0,12.331525261721973,0.0,0.0,0.0,5-13,Bonn,Gelsenkirchen
mean,14280.126315789474,19.802419420992432,1.4631578947368422,0.21509522252850446,3656.1263157894737,5-13,Bonn,Gelsenkirchen
max,39547.0,32.4217738754582,2.0,0.4710507792003452,32609.0,5-13,Bonn,Gelsenkirchen
min,14760.0,32.250231024112374,0.0,0.0,0.0,10-9,Erfurt,Düsseldorf
mean,21209.51690821256,82.0150916844807,0.7318840579710145,0.23371689610951277,712.2632850241546,10-9,Erfurt,Düsseldorf
max,30404.0,134.35215314239454,1.0,0.5621305496484176,16380.0,10-9,Erfurt,Düsseldorf
min,2460.0,7.0,0.0,0.0,0.0,10-19,Erfurt,Leipzig
mean,4286.530612244898,26.634612448321974,0.0,0.03755529238946031,0.0,10-19,Erfurt,Leipzig
max,6622.0,42.15374015728096,0.0,0.2044677030092839,0.0,10-19,Erfurt,Leipzig
min,12120.0,47.88633068076027,0.0,0.0,0.0,1-29,Aachen,Würzburg
mean,28233.09357798165,83.93513929574006,1.5045871559633028,0.10351876646681064,5441.0091743119265,1-29,Aachen,Würzburg
max,73972.0,109.72112476660216,2.0,0.5876765714449558,47990.0,1-29,Aachen,Würzburg
min,8040.0,11.0,0.0,0.0,0.0,22-26,Nürnberg,Stuttgart
mean,9494.8,37.034872747515934,0.06666666666666667,0.09881463755161478,236.66666666666666,22-26,Nürnberg,Stuttgart
max,20700.0,89.66102257215253,1.0,0.3293821251720491,10380.0,22-26,Nürnberg,Stuttgart
min,4920.0,14.160407119327967,0.0,0.0,0.0,4-5,Bochum,Bonn
mean,14815.760683760684,18.718537575329847,1.4700854700854702,0.09193089552944846,3584.8205128205127,4-5,Bochum,Bonn
max,34116.0,32.292660043763306,2.0,0.30734942909153024,26156.0,4-5,Bochum,Bonn
min,3720.0,27.0,0.0,0.0,0.0,22-21,Nürnberg,München
mean,11484.983606557376,43.957126084056824,0.19672131147540983,0.08319528424737559,479.5081967213115,22-21,Nürnberg,München
max,30855.0,50.75167876003714,1.0,0.5638791487877679,5850.0,22-21,Nürnberg,München
min,8460.0,24.123114658522073,0.0,0.0,0.0,20-23,Mannheim,Oberhausen
mean,15659.379464285714,57.947032864394316,1.2946428571428572,0.1992255714596433,1041.767857142857,20-23,Mannheim,Oberhausen
max,44447.0,94.75580039911257,2.0,0.7011270753716636,27683.0,20-23,Mannheim,Oberhausen
min,8220.0,31.174190903094694,0.0,0.0,0.0,6-28,Darmstadt,Wuppertal
mean,15016.036414565826,49.04290865093837,1.5630252100840336,0.13061290972008802,1113.7058823529412,6-28,Darmstadt,Wuppertal
max,27437.0,73.66424663701326,3.0,0.4464225507487261,17397.0,6-28,Darmstadt,Wuppertal
min,8640.0,32.97911003327487,0.0,0.0,0.0,27-11,Ulm,Erlangen
mean,26513.561743341405,60.492038421728566,1.9588377723970944,0.04735561005685059,6693.520581113801,27-11,Ulm,Erlangen
max,65567.0,201.593911473799,3.0,0.2536972290739407,47265.0,27-11,Ulm,Erlangen
min,1092.0,2.346939519423768,0.0,0.0,0.0,4-13,Bochum,Gelsenkirchen
mean,7307.358974358975,4.124089502871565,0.8461538461538461,0.13401480944556457,3074.3076923076924,4-13,Bochum,Gelsenkirchen
max,37927.0,7.185667775303978,1.0,0.31129010656324324,36032.0,4-13,Bochum,Gelsenkirchen
min,6720.0,20.018425710820026,0.0,0.0,0.0,18-17,Köln,Karlsruhe
mean,14029.810198300283,52.42097263450213,0.830028328611898,0.2420173556528448,703.5779036827196,18-17,Köln,Karlsruhe
max,27503.0,91.61167592827921,1.0,0.5782068615446725,13588.0,18-17,Köln,Karlsruhe
min,7500.0,30.532682752767077,0.0,0.0,0.0,20-28,Mannheim,Wuppertal
mean,13968.52688172043,68.22456715733234,0.8279569892473119,0.02112063174332148,1717.2043010752689,20-28,Mannheim,Wuppertal
max,39240.0,87.35897442078341,1.0,0.21824652801432207,33000.0,20-28,Mannheim,Wuppertal
min,6360.0,22.503772116069502,0.0,0.0,0.0,10-3,Erfurt,Berlin
mean,21470.943897637797,50.522623210691314,1.999015748031496,0.20582379096369147,3945.6791338582675,10-3,Erfurt,Berlin
max,53664.0,89.61060715965635,3.0,0.4363771385414441,38711.0,10-3,Erfurt,Berlin
min,6420.0,14.851455921607855,0.0,0.0,0.0,29-20,Würzburg,Mannheim
mean,9834.304054054053,40.53023098150945,0.9594594594594594,0.10521891315731842,716.1486486486486,29-20,Würzburg,Mannheim
max,15339.0,57.24452371000973,2.0,0.4718908832510042,5100.0,29-20,Würzburg,Mannheim
min,7080.0,15.224907589395555,0.0,0.0,0.0,29-10,Würzburg,Erfurt
mean,8550.576687116565,51.46542438034365,0.6319018404907976,0.13679196859396528,136.77914110429447,29-10,Würzburg,Erfurt
max,10500.0,89.22989486878069,1.0,0.3865929411162456,2400.0,29-10,Würzburg,Erfurt
min,2847.0,15.037721220390141,0.0,0.0,0.0,28-23,Wuppertal,Oberhausen
mean,5896.2,18.10708820262564,0.7333333333333333,0.11101263669233884,371.8,28-23,Wuppertal,Oberhausen
max,11006.0,26.11882505968288,1.0,0.30276173643365123,4909.0,28-23,Wuppertal,Oberhausen
min,2220.0,15.428262741356592,0.0,0.0,0.0,26-20,Stuttgart,Mannheim
mean,17617.66581632653,20.72993965200823,1.0612244897959184,0.30284766452683437,4716.290816326531,26-20,Stuttgart,Mannheim
max,83525.0,38.97071333414392,2.0,0.7449325574393606,76630.0,26-20,Stuttgart,Mannheim
min,2485.0,12.656947527711404,0.0,0.0,0.0,23-25,Oberhausen,Solingen
mean,7936.729559748428,18.226647606887788,1.20125786163522,0.03501134557983812,2127.830188679245,23-25,Oberhausen,Solingen
max,15845.0,30.94764683898881,3.0,0.5146135637921686,11565.0,23-25,Oberhausen,Solingen
min,12780.0,21.850083853830014,0.0,0.0,0.0,29-23,Würzburg,Oberhausen
mean,14980.008196721312,79.47841088546757,0.9016393442622951,0.04483095687957843,538.7704918032787,29-23,Würzburg,Oberhausen
max,27198.0,109.7226536325683,1.0,0.2766690868085111,6480.0,29-23,Würzburg,Oberhausen
